Company,City,Starting Year,Founders,Industries,Description,No. of Employees,Funding Amount in $,Funding Round,No. of Investors,Company_clean,Founders_clean,founders_count,startup_clean,SeriesA_flag,num_funding_rounds,early_total_funding,unique_investors_count
Urban Company,Gurgaon,2014,"Abhiraj Singh Bhal, Raghav Chandra, Varun Khaitan","Apps, Home Services, Marketplace, Service Industry",Urban is a marketplace for independent contractors.,1001-5000,"445,920,356",12,16,urban company,"Abhiraj Singh Bhal, Raghav Chandra, Varun Khaitan",3,,0.0,0.0,0.0,0.0
Classplus,Noida,2018,"Bhaswat Agarwal, Bikash Dash, Mukul Rustagi, Nikhil Goel, Vatsal Rustagi","B2B, E-Learning, EdTech, Education, Mobile Apps, SaaS, Software",Classplus is a mobile-first SaaS platform that allows 3000+ tutors to totally automate their curriculum and operations.,101-250,"89,506,451",10,20,classplus,"Bhaswat Agarwal, Bikash Dash, Mukul Rustagi, Nikhil Goel, Vatsal Rustagi",5,classplus,0.0,3.0,918.0,5.0
Paytm,Noida,2010,"Akshay Khanna, Vijay Shekhar Sharma","E-Commerce, Finance, Financial Services, Internet, Mobile Apps, Mobile Payments",Paytm is a payment gateway that allows users and businesses to make payments.,501-1000,"32,448,851",4,4,paytm,"Akshay Khanna, Vijay Shekhar Sharma",2,paytm,0.0,8.0,8072.84,9.0
Apna,Mumbai,2019,Nirmit Parikh,"Employment, Human Resources, Recruiting, Staffing Agency",Apna is a professional networking and job-search platform that connects blue- and gray-collar professionals with like-minded people and places to work.,101-250,"93,450,000",4,6,apna,Nirmit Parikh,1,,0.0,0.0,0.0,0.0
Razorpay,Bengaluru,2014,"Harshil Mathur, Shashank Kumar","Financial Services, FinTech, Payments, Software","Razorpay is a payment acceptance, processing, and disbursement platform for businesses.",1001-5000,"366,600,000",7,29,razorpay,"Harshil Mathur, Shashank Kumar",2,razorpay,0.0,6.0,489.24,8.0
UpGrad,Mumbai,2015,"Mayank Kumar, Phalgun Kompalli, Ravijot Chugh, Ronnie Screwvala","E-Learning, EdTech, Education","UpGrad is a higher education portal that offers courses in Data Science, Technology, Management, and Law online.",1001-5000,"176,283,446",4,4,upgrad,"Mayank Kumar, Phalgun Kompalli, Ravijot Chugh, Ronnie Screwvala",4,,0.0,0.0,0.0,0.0
Delhivery,Gurgaon,2011,"Bhavesh Manglani, Kapil Bharati, Mohit Tandon, Sahil Barua, Suraj Saharan","E-Commerce, Freight Service, Last Mile Transportation, Logistics, Shipping, Supply Chain Management, Transportation, Warehousing","Delhivery is a supply chain management firm that specializes in transportation, warehousing, freight, and order fulfillment.",5001-10000,"1,236,569,361",11,13,delhivery,"Bhavesh Manglani, Kapil Bharati, Mohit Tandon, Sahil Barua, Suraj Saharan",5,,0.0,0.0,0.0,0.0
1mg,Gurgaon,2015,"Anurag Mundhada, Gaurav Agarwal, Prashant Tandon, Sameer Maheshwari, Vikas Chauhan","Delivery, E-Commerce, Health Care, Internet, Medical, Pharmaceutical",1mg is a generic drug engine and online pharmacy network platform.,Nov-50,"204,600,209",16,17,1mg,"Anurag Mundhada, Gaurav Agarwal, Prashant Tandon, Sameer Maheshwari, Vikas Chauhan",5,1mg,0.0,6.0,460.5,10.0
BigBasket,Bengaluru,2011,"Abhinay Choudhari, Hari Menon, Vipul Parekh, VS Ramesh, VS Sudhakar","Delivery, Delivery Service, E-Commerce, Grocery, Internet, Retail, Shopping",BigBasket is an online grocery and meal delivery service that brings personal and household items to customers' doorsteps.,5001-10000,"1,119,863,468",17,17,bigbasket,"Abhinay Choudhari, Hari Menon, Vipul Parekh, VS Ramesh, VS Sudhakar",5,,0.0,0.0,0.0,0.0
GoMechanic,Gurgaon,2016,"Amit Bhasin, Kushal Karwa, Nitin Rana, Puneet Gulati, Rishabh Karwa","Automotive, Customer Service, E-Commerce, Sales",GoMechanic is an online vehicle repair platform that allows consumers to arrange car maintenance at a convenient time.,251-500,"59,849,371",8,9,gomechanic,"Amit Bhasin, Kushal Karwa, Nitin Rana, Puneet Gulati, Rishabh Karwa",5,gomechanic,0.0,4.0,17.060000000000002,5.0
Unacademy,Bengaluru,2015,"Gaurav Munjal, Hemesh Singh, Roman Saini, Sachin Gupta","E-Learning, EdTech, Education, Training",Unacademy is a web-based learning portal that offers educational materials such as video lectures and exams.,251-500,"398,500,000",11,36,unacademy,"Gaurav Munjal, Hemesh Singh, Roman Saini, Sachin Gupta",4,unacademy,0.0,7.0,1048.92,25.0
Ola,Kormangala,2010,"Ankit Bhati, Bhavish Aggarwal","Apps, Internet, Mobile, Ride Sharing, Transportation",Ola is an Indian mobility platform and ride-hailing firm.,5001-10000,"3,808,672,049",25,45,ola,"Ankit Bhati, Bhavish Aggarwal",2,ola,0.0,18.0,17681.16,26.0
Licious,Bengaluru,2015,"Abhay Hanjura, Vivek Gupta","Delivery Service, E-Commerce, Food and Beverage, Food Delivery",Licious is an online meat and seafood ordering firm with a complete business model.,1001-5000,"158,589,644",7,20,licious,"Abhay Hanjura, Vivek Gupta",2,licious,0.0,7.0,615.5,10.0
CRED,Bengaluru,2018,Kunal Shah,"Credit Cards, Financial Services, FinTech, Payments, Personal Finance",CRED is a members-only credit card management and bill-paying website that pays customers for paying their bills on time.,251-500,"471,205,550",6,28,cred,Kunal Shah,1,cred,0.0,3.0,6640.0,3.0
CityMall,Gurgaon,2019,"Angad Kikla, Divij Goyal, Naisheel Verdhan","Consumer Goods, E-Commerce, Lifestyle",CityMall is a peer-to-peer e-commerce company that offers lifestyle and curated products through WhatsApp referrals.,101-250,"37,100,000",5,14,citymall,"Angad Kikla, Divij Goyal, Naisheel Verdhan",3,,0.0,0.0,0.0,0.0
Pine Labs,Noida,1998,"Rajul Garg, Tarun Upaday","Financial Services, FinTech, Information Technology, Payments",Pine Labs is a merchant commerce platform that offers merchants funding and technology for last-mile retail transactions.,1001-5000,"423,238,799",8,15,pine labs,"Rajul Garg, Tarun Upaday",2,pine labs,0.0,3.0,990.6600000000001,4.0
Dodla Dairy,Hyderabad,1995,D. Sunil Reddy,"Consumer Goods, Food and Beverage, Food Processing, Manufacturing",Dodla Dairy processes and distributes milk and dairy products with added value.,501-1000,"71,276,176",3,13,dodla dairy,D. Sunil Reddy,1,,0.0,0.0,0.0,0.0
Groww,Bengaluru,2017,"Harsh Jain, Ishan Bansal, Lalit Keshre, Neeraj Singh","Financial Services, FinTech, Funding Platform, Impact Investing",Groww is a new investment platform that combines stockbroking and direct mutual funds to provide a new way to invest money.,251-500,"142,262,674",6,16,groww,"Harsh Jain, Ishan Bansal, Lalit Keshre, Neeraj Singh",4,groww,0.0,4.0,2509.29,5.0
Grofers,Gurgaon,2013,"Albinder Dhindsa, Saurabh Kumar","Delivery, E-Commerce, E-Commerce Platforms, Grocery, Retail",Grofers is a low-cost online supermarket that also delivers groceries.,1001-5000,"662,398,135",13,13,grofers,"Albinder Dhindsa, Saurabh Kumar",2,grofers,0.0,5.0,2450.25,8.0
Jumbotail,Bengaluru,2015,"Ashish Jhina, Karthik Venkateswaran","E-Commerce, Food and Beverage, Grocery, Marketplace, Retail",Jumbotail is an online marketplace that makes groceries and food purchasing easier.,101-250,"₹55,345,400",8,20,jumbotail,"Ashish Jhina, Karthik Venkateswaran",2,jumbotail,0.0,3.0,1390.13,6.0
slice,Bengaluru,2016,"Deepak Malhotra, Rajan Bajaj","Banking, Financial Services, FinTech, Lending, Payments","Slice is the finest credit card challenger in India for paying bills, managing finances, and earning quick rewards.",251-500,"₹53,665,909",8,20,slice,"Deepak Malhotra, Rajan Bajaj",2,slice,0.0,1.0,50.0,1.0
InMobi,Bengaluru,2007,"Abhay Singhal, Amit Gupta, Mohit Saxena, Naveen Tewari, Piyush Shah","Advertising, Advertising Platforms, Digital Media, Marketing, Mobile",InMobi creates an ad serving algorithm that aids in the optimization of the ranking of advertising displayed on mobile phones.,501-1000,"₹320,600,000",7,6,inmobi,"Abhay Singhal, Amit Gupta, Mohit Saxena, Naveen Tewari, Piyush Shah",5,inmobi,0.0,1.0,825.0,1.0
Dunzo,Bengaluru,2015,"Ankur Aggarwal, Dalvir Suri, Kabeer Biswas, Mukund Jha","Delivery, Delivery Service, E-Commerce, Mobile, Mobile Apps",Dunzo is a hyper-local delivery app that matches consumers with the closest delivery partner.,1001-5000,"₹128,399,438",15,24,dunzo,"Ankur Aggarwal, Dalvir Suri, Kabeer Biswas, Mukund Jha",4,dunzo,0.0,8.0,3353.09,7.0
BYJU’S,Bengaluru,2011,"Byju Raveendran, Divya Gokulnath","E-Learning, EdTech, Education, Higher Education, Software",BYJU'S is an educational technology firm that creates tailored learning programs for kids in grades K through 12.,10001+,"₹2,745,964,432",18,38,byju’s,"Byju Raveendran, Divya Gokulnath",2,,0.0,0.0,0.0,0.0
Cashfree,Bengaluru,2015,"Akash Sinha, Reeju Datta","Finance, Financial Services, FinTech, Mobile Payments, Payments",Cashfree is a payments and banking technology startup based in India that helps businesses collect payments and make payouts online.,251-500,"₹40,920,000",4,6,cashfree,"Akash Sinha, Reeju Datta",2,cashfree,0.0,2.0,2900.99,3.0
MediBuddy,Bengaluru,2000,Satish Kannan,"Health Care, Health Insurance, Medical, mHealth","MediBuddy is a digital healthcare platform that offers inpatient and outpatient hospitalization, as well as corporate wellness benefits.",1001-5000,"₹67,132,379",5,12,medibuddy,Satish Kannan,1,,0.0,0.0,0.0,0.0
Progcap,New Delhi,2017,Pallavi Shrivastava,"Enterprise, Finance, Financial Services, FinTech, Supply Chain Management",Progcap is a financial services firm that assists micro and small businesses with financing.,Nov-50,"₹32,324,325",4,9,progcap,Pallavi Shrivastava,1,progcap,1.0,1.0,41.25,1.0
Capital Float,Bengaluru,2013,"Gaurav Hinduja, Sashank Rishyasringa","B2B, Financial Services, FinTech, Small and Medium Businesses",Cash Float is an online platform that helps small businesses get operating capital.,51-100,"₹150,417,120",11,12,capital float,"Gaurav Hinduja, Sashank Rishyasringa",2,capital float,0.0,8.0,707.61,15.0
CARS24,Gurgaon,2015,"Gajendra Jangid, Mehul Agrawal, Ruchit Agarwal, Vikram Chopra","Artificial Intelligence, Automotive, B2C, E-Commerce, Marketplace, Sales Automation, Software, Transaction Processing",CARS24 is a technologically advanced platform for buying and selling used vehicles.,1001-5000,"₹393,848,044",5,21,cars24,"Gajendra Jangid, Mehul Agrawal, Ruchit Agarwal, Vikram Chopra",4,,0.0,0.0,0.0,0.0
Bharat Biotech,Hyderabad,1996,"Krishna Ella, Suchitra Ella",Biotechnology,India's second-largest vaccine manufacturer,501-1000,"₹14,100,000",3,3,bharat biotech,"Krishna Ella, Suchitra Ella",2,,0.0,0.0,0.0,0.0
Skillmatics,Mumbai,2016,"Devanshi Kejriwal, Dhvanil Sheth","Children, Education",Skillmatics creates educational games for children in pre-school and primary school.,Nov-50,"₹7,419,353",2,2,skillmatics,"Devanshi Kejriwal, Dhvanil Sheth",2,,0.0,0.0,0.0,0.0
Rapido,Bengaluru,2015,"Aravind Sanka, Pavan Guntupalli, Rishikesh SR","Information Services, Mobile Apps, Public Transportation, Taxi Service, Transportation",Rapido is an online bike taxi aggregator and logistics service that enables people to share their bicycles with others.,1001-5000,"₹121,996,807",9,32,rapido,"Aravind Sanka, Pavan Guntupalli, Rishikesh SR",3,rapido,0.0,4.0,327.95,7.0
Reliance Jio,Mumbai,2010,Mukesh Ambani,"Apps, Information Services, Internet, Telecommunications",Reliance Jio is a telecommunications firm that provides high-speed mobile internet connection in India.,10001+,"₹24,767,620,475",16,35,reliance jio,Mukesh Ambani,1,,0.0,0.0,0.0,0.0
YourStory,Bengaluru,2008,Shradha Sharma,"Information Technology, Internet, News, Public Relations, Publishing",YourStory.com is a media website that focuses on India's startup scene.,101-250,"₹8,469,522",3,6,yourstory,Shradha Sharma,1,yourstory,0.0,2.0,24.75,8.0
Kodo,Mumbai,2019,"Deepti Sanghi, Gaurav Thapa","B2B, Financial Services, FinTech, Small and Medium Businesses",Kodo is a fintech startup that focuses on small businesses' corporate card and B2B payments needs.,Nov-50,"₹8,736,466",2,5,kodo,"Deepti Sanghi, Gaurav Thapa",2,,0.0,0.0,0.0,0.0
Practo,Bengaluru,2008,"Abhinav Lal, Shashank ND","Health Care, Health Diagnostics, Medical, mHealth, Mobile Apps, Pharmaceutical, Wellness","Practo is a mhealth platform that allows patients to make appointments, check-ups, and consultations with healthcare practitioners.",5001-10000,"₹228,246,376",7,14,practo,"Abhinav Lal, Shashank ND",2,practo,0.0,3.0,1443.75,11.0
NiYO Solutions,Bengaluru,2015,Virender Bisht,"Finance, Financial Services, FinTech",NiYO is a fintech startup that makes it easier for salaried employees to get access to business benefits and other financial services.,Nov-50,"₹49,200,000",3,5,niyo solutions,Virender Bisht,1,niyo solutions,1.0,3.0,141.57,2.0
Reliance Retail,Mumbai,2006,Mukesh Ambani,"Consumer Goods, Grocery, Retail","Reliance Retail operates a chain of local stores, supermarkets, and wholesale/specialty stores, as well as an online store.",10001+,"₹6,419,310,306",6,8,reliance retail,Mukesh Ambani,1,,0.0,0.0,0.0,0.0
Locus.sh,Bengaluru,2015,"Geet Garg, Nishith Rastogi","Big Data, Data Visualization, Logistics, Software",Locus is a logistics-focused intelligent decision-making and automation platform.,251-500,"₹78,750,000",6,25,locus.sh,"Geet Garg, Nishith Rastogi",2,,0.0,0.0,0.0,0.0
KreditBee,Bengaluru,2018,"Karthikeyan Krishnaswamy, Madhusudan Ekambaram, Wan Hong","Financial Services, FinTech, Internet, Lending",KreditBee is a digital loan platform that was created to help young professionals manage their finances.,1001-5000,"₹133,404,000",3,7,kreditbee,"Karthikeyan Krishnaswamy, Madhusudan Ekambaram, Wan Hong",3,,0.0,0.0,0.0,0.0
boAt,New Delhi,2016,"Aman Gupta, Sameer Mehta","Consumer Electronics, Fashion, Lifestyle, Wearables","boAt is a domestic audio-tech earwear firm that specializes on well-designed, aspirational items at affordable prices.",101-250,"₹116,258,656",6,5,boat,"Aman Gupta, Sameer Mehta",2,,0.0,0.0,0.0,0.0
Flipkart,Bengaluru,2007,"Binny Bansal, Sachin Bansal","E-Commerce, Internet, Retail, Shopping",Flipkart is an e-commerce platform with over 30 million products in more than 70 categories.,10001+,"₹9,009,184,737",24,24,flipkart,"Binny Bansal, Sachin Bansal",2,flipkart,0.0,7.0,12560.279999999999,11.0
MobiKwik,Gurgaon,2009,"Bipin Singh, Chandan Joshi, Upasana Taku","Consumer Lending, Financial Services, FinTech, Lending, Mobile Payments, Payments, Wealth Management","MobiKwik is India's leading fintech platform, with consumer payments, payment gateways, and financial services as its core operations.",251-500,"₹165,518,505",15,26,mobikwik,"Bipin Singh, Chandan Joshi, Upasana Taku",3,mobikwik,0.0,7.0,1059.2,11.0
Cuemath,Bengaluru,2013,Manan Khurma,"E-Learning, EdTech, Education, STEM Education",Cuemath is an international online learning platform that provides K–10 pupils with math and coding curriculum.,1001-5000,"₹64,495,265",5,8,cuemath,Manan Khurma,1,cuemath,0.0,5.0,3500.75,10.0
Jai Kisan,Mumbai,2017,"Adriel Maniego, Arjun Ahluwalia","Agriculture, AgTech, Financial Services, FinTech",Jai Kisan is a finance platform that serves rural emerging markets with long-term funding.,Nov-50,"₹35,400,000",5,18,jai kisan,"Adriel Maniego, Arjun Ahluwalia",2,jai kisan,0.0,1.0,32.0,2.0
Infra.Market,Thane,2016,"Aaditya Sharda, Souvik Sengupta","Construction, E-Commerce, Marketplace, Procurement",Infra.Market is an online marketplace for all types of materials and products used in construction projects.,51-100,"₹161,545,747",7,8,infra.market,"Aaditya Sharda, Souvik Sengupta",2,infra.market,0.0,2.0,1665.0,5.0
Xpressbees,Pune,2015,"Amitava Saha, Supam Maheshwari","Delivery Service, E-Commerce, Internet, Logistics, Supply Chain Management",Xpressbees is an e-commerce logistics company that provides its partners with dependable logistical solutions.,10001+,"₹277,583,000",8,11,xpressbees,"Amitava Saha, Supam Maheshwari",2,xpressbees,0.0,3.0,170.13,7.0
Northern Arc,Chennai,2008,Kshama Fernandes,"Enterprise, Finance, Financial Services",Northern Arc Capital is a non-banking finance company that connects debt investors with borrowers.,51-100,"₹383,626,249",11,12,northern arc,Kshama Fernandes,1,,0.0,0.0,0.0,0.0
Toppr,Mumbai,2013,"Hemanth Goteti, Zishaan Hayath","E-Learning, EdTech, Education",Toppr is an after-school learning software that offers assistance for admission exams and learning courses.,1001-5000,"₹112,087,670",11,14,toppr,"Hemanth Goteti, Zishaan Hayath",2,toppr,0.0,10.0,3875.13,12.0
MyGlamm,Mumbai,2015,"Darpan Sanghvi, Priyanka Gill","Beauty, Marketplace, Mobile Apps","MyGlamm is a direct-to-consumer beauty firm that connects stylists, beauticians, nail technicians, and spa aestheticians with customers.",101-250,"₹56,035,717",8,14,myglamm,"Darpan Sanghvi, Priyanka Gill",2,myglamm,0.0,4.0,211.23,5.0
ZoomCar,Bengaluru,2012,"David Back, Greg Moran","Automotive, E-Commerce, Rental, Reservations, Transportation","ZoomCar is a self-drive car rental firm that lets customers rent cars by the hour, day, or week.",501-1000,"₹274,145,634",20,36,zoomcar,"David Back, Greg Moran",2,zoomcar,0.0,6.0,352.0,7.0
Snapdeal,Gurgaon,2010,"Kunal Bahl, Rohit Bansal","Consumer Electronics, E-Commerce, Internet, Marketplace, Retail, Shopping","Snapdeal is India's largest no-frills, value-focused marketplace, with products from 500,000+ sellers across 600+ categories.",1001-5000,"₹1,776,260,825",13,26,snapdeal,"Kunal Bahl, Rohit Bansal",2,snapdeal,0.0,2.0,5775.0,4.0
WhiteHat Education Technology,Andheri,2018,Karan Bajaj,Education,Whitehar Jr. is one of the most popular and effective computer programming learning websites for children.,101-250,"₹11,294,388",2,3,whitehat education technology,Karan Bajaj,1,,0.0,0.0,0.0,0.0
CarDekho,Gurgaon,2007,"Amit Jain, Anurag Jain","Automotive, E-Commerce, Information Services, Information Technology, Software",CarDekho is working to digitize India's automotive ecosystem.,501-1000,"₹247,500,000",7,14,cardekho,"Amit Jain, Anurag Jain",2,cardekho,0.0,8.0,2820.0,11.0
Koo App,Bengaluru,2020,"Aprameya Radhakrishna, Mayank Bidawatka","Apps, Internet, Social Media, Software",Koo App is a social networking platform headquartered in India that allows users to post audio and video.,Nov-50,"₹33,997,488",3,10,koo app,"Aprameya Radhakrishna, Mayank Bidawatka",2,,0.0,0.0,0.0,0.0
Porter,Bengaluru,2014,"Pranav Goel, Uttam Digga, Vikas Choudhary","E-Commerce, Internet, Logistics, Supply Chain Management",Porter assists companies in improving their last-mile delivery operations.,1001-5000,"₹32,070,087",6,6,porter,"Pranav Goel, Uttam Digga, Vikas Choudhary",3,,0.0,0.0,0.0,0.0
Skyroot Aerospace,Hyderabad,2018,"Naga Bharath Daka, Pawan Kumar Chandana","Aerospace, Transportation","Skyroot Aerospace is India's first space launch vehicle company, producing rockets for low-cost access to space.",Nov-50,"₹14,938,971",3,9,skyroot aerospace,"Naga Bharath Daka, Pawan Kumar Chandana",2,,0.0,0.0,0.0,0.0
Holisol logistics,New Delhi,2009,"Manish Ahuja, Naveen Rawat, Rahul Dogar","Business Development, Logistics, Supply Chain Management",HoliSol Logistics is a B2C and B2B supply chain solutions company that specializes in multi-channel fulfillment.,51-100,"₹27,307,486",5,4,holisol logistics,"Manish Ahuja, Naveen Rawat, Rahul Dogar",3,holisol logistics,0.0,1.0,82.5,1.0
Exotel,Bengaluru,2011,Shivakumar Ganesan,"Cloud Data Services, Messaging, Mobile Apps","For small and medium businesses in India, Exotel offers cloud telephony services such as virtual phone lines and telephony applications.",101-250,"₹12,294,124",4,8,exotel,Shivakumar Ganesan,1,exotel,0.0,1.0,415.0,2.0
CarTrade,Mumbai,2009,Vinay Sanghi,"Auctions, Automotive, E-Commerce, Marketplace",CarTrade.com is India's premier online automotive marketplace for new and used vehicle buyers and sellers.,1001-5000,"₹307,351,129",8,9,cartrade,Vinay Sanghi,1,cartrade,0.0,4.0,5192.0,8.0
OPEN,Bengaluru,2017,"Ajeesh Achuthan, Anish Achuthan, Deena Jacon, Mabel Chacko","Banking, Billing, Finance, Financial Services, FinTech, Payments",Open creates and sells an online banking and intercompany settlement platform.,251-500,"₹37,400,000",5,13,open,"Ajeesh Achuthan, Anish Achuthan, Deena Jacon, Mabel Chacko",4,open,0.0,2.0,0.0,1.0
InCred,Mumbai,2016,Bhupinder Singh,"Banking, Consumer Lending, Finance, Financial Services, FinTech, Lending",InCred is a financial services platform that makes lending simple and rapid by combining technology and data science.,1001-5000,"₹254,425,980",8,17,incred,Bhupinder Singh,1,,0.0,0.0,0.0,0.0
Pepperfry,Mumbai,2011,"Ambareesh Murty, Ashish Shah","E-Commerce, Furniture, Marketplace, Retail",Pepperfry is an online furniture marketplace that sells anything from furniture to home decor.,501-1000,"₹245,341,627",9,8,pepperfry,"Ambareesh Murty, Ashish Shah",2,pepperfry,0.0,6.0,2146.03,12.0
Shadowfax,Bengaluru,2015,"Abhishek Bansal, Vaibhav Khandelwal","Delivery Service, E-Commerce, Internet, Logistics, Supply Chain Management",Shadowfax is a tech-enabled on-demand logistics network that offers one-stop delivery solutions.,501-1000,"₹119,680,000",6,13,shadowfax,"Abhishek Bansal, Vaibhav Khandelwal",2,shadowfax,0.0,3.0,76.81,11.0
The Man Company,Gurgaon,2015,"Bhisham Bhateja, Hitesh Dhingra, Parvesh Kumar","Beauty, Consumer Goods",Grooming products for men. Come celebrate your manhood.,101-250,"₹14,128,602",6,5,the man company,"Bhisham Bhateja, Hitesh Dhingra, Parvesh Kumar",3,the man company,0.0,2.0,0.0,4.0
Agnikul,Chennai,2017,"Moin SPM, Satyanarayanan Chakravarthy, Srinath Ravichandran","Aerospace, Manufacturing, Nanotechnology","Agnikul is a space technology company that designs, builds, tests, and launches orbital class rockets for micro and nano satellites.",51-100,"₹14,543,144",4,17,agnikul,"Moin SPM, Satyanarayanan Chakravarthy, Srinath Ravichandran",3,agnikul,0.0,1.0,26.0,1.0
Shop101,Mumbai,2015,"Abhinav Jain, Aditya Gupta, Kalpak Chhajed","Apps, Consumer Goods, E-Commerce, Internet, Online Portals","By being the most trusted reselling partner for millions of Indians, you'll be leading the next wave of e-commerce.",101-250,"₹19,879,176",3,6,shop101,"Abhinav Jain, Aditya Gupta, Kalpak Chhajed",3,shop101,0.0,3.0,142.0,5.0
Plum,Bengaluru,2019,"Abhishek Poddar, Saurabh Arora","Employee Benefits, Health Care, Health Insurance, Human Resources, Insurance",Health insurance and perks of high quality,Nov-50,"₹20,645,163",5,23,plum,"Abhishek Poddar, Saurabh Arora",2,plum,0.0,3.0,358.0,5.0
Pee Safe,Gurgaon,2013,"Dheeraj Jain, Srijana Bagaria, Vikas Bagaria","Consumer Goods, Fast-Moving Consumer Goods, Fitness, Health Care, Wellness","Redcliffe Hygiene Private Limited, founded in 2013, is India's fastest growing hygiene company.",101-250,"₹9,653,620",6,16,pee safe,"Dheeraj Jain, Srijana Bagaria, Vikas Bagaria",3,,0.0,0.0,0.0,0.0
cure.fit,Bengaluru,2016,"Ankit Nagori, Mukesh Bansal","Apps, Fitness, Health Care, Wellness","cure.fit is a digital and offline health and fitness company that focuses on fitness, nutrition, and mental well-being.",101-250,"₹479,575,960",10,33,cure.fit,"Ankit Nagori, Mukesh Bansal",2,,0.0,0.0,0.0,0.0
Nykaa,Mumbai,2012,Falguni Nayar,"Beauty, E-Commerce, Fashion, Lifestyle, Online Portals, Wellness",Nykaa is an online store that sells a variety of beauty and health items.,1001-5000,"₹341,858,615",13,15,nykaa,Falguni Nayar,1,nykaa,0.0,13.0,3290.51,16.0
NoBroker,Bengaluru,2014,"Akhil Gupta, Amit Agarwal","Commercial Real Estate, Mobile Apps, Property Management, Real Estate, Software",NoBroker is a peer-to-peer property listing platform that aims to streamline real estate transactions.,51-100,"₹214,452,563",10,13,nobroker,"Akhil Gupta, Amit Agarwal",2,nobroker,0.0,6.0,835.05,11.0
PharmEasy,Mumbai,2015,"Dharmil Sheth, Dhaval Shah, Mikhil Innani","Health Care, Health Diagnostics, Pharmaceutical, Wellness","PharmEasy is a health-tech firm that provides teleconsultation, medicine delivery, and diagnostic test sample collecting, among other services.",501-1000,"₹671,538,857",9,26,pharmeasy,"Dharmil Sheth, Dhaval Shah, Mikhil Innani",3,pharmeasy,0.0,5.0,1001.88,7.0
OfBusiness,Gurgaon,2015,"Asish Mohapatra, Bhuvan Gupta, Chandranshu Sinha, Nitin Jain, Ruchi Kalra, Srinath Ramakkrushnan, Vasant Sridhar","Financial Services, FinTech, Lending",OfBusiness is a financial platform that provides SMEs with smart funding.,501-1000,"₹193,125,171",7,13,ofbusiness,"Asish Mohapatra, Bhuvan Gupta, Chandranshu Sinha, Nitin Jain, Ruchi Kalra, Srinath Ramakkrushnan, Vasant Sridhar",7,ofbusiness,0.0,4.0,403.43,7.0
LEAD School,Mumbai,2012,"Smita Deorah, Sumeet Mehta","E-Learning, EdTech, Education, Secondary Education",LEAD School is a technology-based school transformation system that provides kids with a high-quality education.,501-1000,"₹65,966,878",4,3,lead school,"Smita Deorah, Sumeet Mehta",2,lead school,0.0,2.0,2550.0,3.0
Upstox,Mumbai,2010,"Raghu Kumar, Shrinivas Viswanath","Financial Services, FinTech, Trading Platform",Upstox is a fintech startup that provides customers with new investing possibilities.,101-250,"₹29,000,000",2,3,upstox,"Raghu Kumar, Shrinivas Viswanath",2,,0.0,0.0,0.0,0.0
Teachmint,Bengaluru,2020,"Anshuman Kumar, Divyansh Bordia, Mihir Gupta, Payoj Jain","E-Learning, EdTech, Education",Teachmint is an online learning platform that focuses on the connection between tutors and students.,51-100,"₹20,000,000",3,5,teachmint,"Anshuman Kumar, Divyansh Bordia, Mihir Gupta, Payoj Jain",4,teachmint,0.0,2.0,4565.0,3.0
ZestMoney,Bengaluru,2015,"Ashish Anantharaman, Lizzie Chapman, Priya Sharma","Big Data, Consumer Lending, Financial Services, FinTech",ZestMoney is a consumer loan fintech startup based in India.,101-250,"₹68,373,925",9,15,zestmoney,"Ashish Anantharaman, Lizzie Chapman, Priya Sharma",3,zestmoney,1.0,4.0,299.52,6.0
Convosight,Delhi,2019,"Kartik Bansal, Tamanna Dhamija, Tarun Dhamija","SaaS, Social Media, Social Media Management",Convosight is a community management tool that helps community builders grow and monetise their Facebook groups.,51-100,"₹13,000,000",2,5,convosight,"Kartik Bansal, Tamanna Dhamija, Tarun Dhamija",3,convosight,0.0,1.0,33.0,2.0
Livspace,Bengaluru,2014,"Anuj Srivastava, Ramakant Sharma, Shagufta Anurag","E-Commerce, Furniture, Interior Design","Livspace is an interior design startup that links individuals with designers, services, and products through a platform.",1001-5000,"₹101,691,508",8,17,livspace,"Anuj Srivastava, Ramakant Sharma, Shagufta Anurag",3,livspace,0.0,7.0,2037.75,11.0
Rebel Foods,Pune,2011,"Jaydeep Barman, Kallol Banerjee","E-Commerce, Food Delivery, Food Processing",Rebel Foods Services is a food delivery platform that delivers food right to your door.,5001-10000,"₹342,349,901",20,19,rebel foods,"Jaydeep Barman, Kallol Banerjee",2,rebel foods,0.0,4.0,1082.0,2.0
Spinny,Gurgaon,2015,"Mohit Gupta, Niraj Singh, Ramanshu Mahaur","E-Commerce, E-Commerce Platforms, Internet, Retail",Spinny is a used automobile buying platform that makes transactions safe and simple.,251-500,"₹126,900,000",5,13,spinny,"Mohit Gupta, Niraj Singh, Ramanshu Mahaur",3,spinny,1.0,5.0,476.25,11.0
Synapsica,New Delhi,2018,"Cherian Dr, Gandharv Goyal, Kuldeep Singh Chauhan, Meenakshi Singh","Artificial Intelligence, Health Care, Health Diagnostics, Information Technology, Machine Learning, Medical, Natural Language Processing, Predictive Analytics, Software",Synapsica is a healthtech and teleradiology company that automates diagnostic radiology workflow and reporting using artificial intelligence.,Nov-50,"₹4,200,835",4,5,synapsica,"Cherian Dr, Gandharv Goyal, Kuldeep Singh Chauhan, Meenakshi Singh",4,,0.0,0.0,0.0,0.0
DeHaat,Patna City,2012,"Amrendra Singh, Shashank Kumar","Agriculture, AgTech, E-Commerce, Farming, Internet, Marketplace",DeHaat is a website that sells farm products and services.,251-500,"₹49,286,284",5,8,dehaat,"Amrendra Singh, Shashank Kumar",2,dehaat,0.0,1.0,98.0,1.0
Masai School,Bengaluru,2019,Prateek Shukla,"E-Learning, Education, Training",Masai School is a software training company that focuses on helping people get jobs.,01-Oct,"₹7,483,079",3,4,masai school,Prateek Shukla,1,masai school,0.0,1.0,21.0,3.0
Wysa,Bengaluru,2015,"Jo Aggarwal, Ramakant Vempati","Artificial Intelligence, Fitness, Health Care, Medical Device, mHealth",Wysa is an artificial intelligence (AI) conversational agent that has been proved to promote mental wellness.,Nov-50,"₹9,357,626",4,9,wysa,"Jo Aggarwal, Ramakant Vempati",2,,0.0,0.0,0.0,0.0
Magicpin,Gurgaon,2015,"Anshoo Sharma, Brij Bhushan","E-Commerce, E-Commerce Platforms, Internet, Retail","Magicpin is a platform that allows users and merchants in a certain area to find, communicate with, and transact with one another.",501-1000,"₹41,884,162",7,12,magicpin,"Anshoo Sharma, Brij Bhushan",2,magicpin,0.0,8.0,516.2,9.0
Ather Energy,Bengaluru,2013,"Arun Vinayak, Swapnil Jain, Tarun Mehta","Automotive, Electric Vehicle, Manufacturing",Ather Energy is an electric scooter company.,501-1000,"₹102,210,000",5,5,ather energy,"Arun Vinayak, Swapnil Jain, Tarun Mehta",3,ather energy,0.0,5.0,834.5,5.0
Trell,Bengaluru,2016,"Arun Lodhi, Bimal Kartheek Rebba, Prashant Sachan, Pulkit Agrawal","Lifestyle, Social Network, Social Shopping, Video",Trell is a lifestyle social commerce website that allows users to submit 3-minute videos demonstrating their passions.,101-250,"₹16,950,000",7,31,trell,"Arun Lodhi, Bimal Kartheek Rebba, Prashant Sachan, Pulkit Agrawal",4,trell,0.0,7.0,162.44,15.0
Convin,Bengaluru,2019,"Ashish Santhalia, Atul Shree, Bharat Patidar, Durgesh Choudhary","Analytics, Artificial Intelligence, Sales, Software",Convin is a conversation intelligence technology that aids remote sales teams in better understanding talks.,Nov-50,"₹300,000",1,7,convin,"Ashish Santhalia, Atul Shree, Bharat Patidar, Durgesh Choudhary",4,,0.0,0.0,0.0,0.0
Yellow Messenger,Bengaluru,2016,"Anik Das, Jaya Kishore Reddy Gollareddy, Raghu Kumar, Rashid Khan","Artificial Intelligence, Customer Service, Enterprise Software, Messaging, Software",Yellow Messenger is a software platform that may be used as a consumer engagement channel for businesses using artificial intelligence.,251-500,"₹24,000,000",3,3,yellow messenger,"Anik Das, Jaya Kishore Reddy Gollareddy, Raghu Kumar, Rashid Khan",4,yellow messenger,0.0,1.0,164.0,2.0
Mamaearth,Gurgaon,2016,Varun Alagh,"E-Commerce, Health Care, Retail, Wellness",Mamaearth is an online retailer that specializes in products for babies and toddlers.,Nov-50,"₹23,313,960",5,8,mamaearth,Varun Alagh,1,mamaearth,1.0,8.0,238.86,7.0
Milkbasket,Haryana,2014,"Anant Goel, Anurag Jain, Ashish Goel, Yatish Talavdia","Delivery Service, E-Commerce, Food and Beverage, Internet",Milkbasket is a daily micro-delivery service that caters to consumers' shopping and housekeeping needs.,Nov-50,"₹38,519,469",11,18,milkbasket,"Anant Goel, Anurag Jain, Ashish Goel, Yatish Talavdia",4,milkbasket,1.0,8.0,212.36,8.0
Bimaplan,Bengaluru,2020,Not Available,"Financial Services, Insurance",Insurance for the next billion Indians at an affordable price,01-Oct,"₹3,000,000",2,27,bimaplan,Not Available,1,,0.0,0.0,0.0,0.0
Urban Ladder,Bengaluru,2012,"Ashish Goel, Rajiv Srivatsa","E-Commerce, E-Commerce Platforms, Furniture, Home Decor, Internet",Urban Ladder is an online furniture firm situated in Bangalore.,501-1000,"₹114,896,667",9,10,urban ladder,"Ashish Goel, Rajiv Srivatsa",2,urban ladder,0.0,6.0,693.46,9.0
PagarBook,Bengaluru,2019,"Adarsh Kumar, Arya Gautam, Rupesh Mishra","Apps, Enterprise Software, Human Resources, Mobile Apps, SaaS, Software","PagarBook is a small- and medium-business salary, job, and attendance management tool.",101-250,"₹17,000,000",2,4,pagarbook,"Adarsh Kumar, Arya Gautam, Rupesh Mishra",3,pagarbook,0.0,1.0,1249.0,2.0
Paytm Payments Bank,New Delhi,2017,Vijay Shekhar Sharma,"Banking, FinTech, Mobile Payments",Paytm Payments Bank is a mobile-first bank that offers accounts with no minimum balance and no digital transaction fees.,1001-5000,"₹28,188,461",2,2,paytm payments bank,Vijay Shekhar Sharma,1,,0.0,0.0,0.0,0.0
OkCredit,Faridabad,2017,"Aditya Prasad, Gaurav Kumar, Harsh Pokharna","Finance, Financial Exchanges, Financial Services, FinTech, Personal Finance",OkCredit makes credit account management easier for both store owners and customers.,101-250,"₹84,200,000",3,6,okcredit,"Aditya Prasad, Gaurav Kumar, Harsh Pokharna",3,okcredit,1.0,1.0,127.88,1.0
Purplle,Mumbai,2011,"Manish Taneja, Rahul Dash","Beauty, Cosmetics, E-Commerce, Mobile Apps, Retail, Shopping","Purplle is an online retailer of cosmetics, fragrances, skin care, and hair care items.",101-250,"₹93,649,358",10,15,purplle,"Manish Taneja, Rahul Dash",2,purplle,0.0,5.0,54.93,7.0
MyMoneyMantra,New Delhi,1989,Raj Khosla,"Consumer Lending, Finance, Financial Services, FinTech, Insurance, Lending, Marketplace, Personal Finance",MyMoneyMantra is India's largest consumer and commercial finance phy-gital (physical-digital) marketplace.,1001-5000,"₹15,000,000",1,2,mymoneymantra,Raj Khosla,1,,0.0,0.0,0.0,0.0
Blackbuck,Bengaluru,2015,"Chanakya Hridaya, Rajesh Yabaji, Ramasubramaniam B","Information Services, Internet, Logistics, Supply Chain Management, Transportation",Blackbuck is a logistics company based in India that makes trucking easier for both shippers and drivers.,1001-5000,"₹296,995,198",8,13,blackbuck,"Chanakya Hridaya, Rajesh Yabaji, Ramasubramaniam B",3,blackbuck,1.0,9.0,2620.1,19.0
Wakefit,Bengaluru,2016,"Ankit Garg, Chaitanya Ramalingegowda","E-Commerce, Furniture, Manufacturing, Retail","Wakefit is a home solutions firm that tries to offer unique, modern, and affordable goods.",251-500,"₹30,000,000",2,3,wakefit,"Ankit Garg, Chaitanya Ramalingegowda",2,wakefit,0.0,3.0,1795.0,2.0
Freshtohome,Bengaluru,2015,Shan Kadavil,"E-Commerce, E-Commerce Platforms, Food and Beverage, Food Delivery, Online Portals","Freshtohome is an online marketplace selling chemical-free, fresh chicken, beef, and seafood.",51-100,"₹152,000,000",9,23,freshtohome,Shan Kadavil,1,freshtohome,0.0,2.0,0.0,3.0
Housing.com,Gurgaon,2012,"Abhimanyu Dhamija, Abhishek Anand, Advitiya Sharma, Amrit Raj, Neeraj Bhunwal, Rahul Yadav, Ravish Naresh, Rishabh Agrawal, Sanat Ghosh, Saurabh Goyal, Snehil Buxy, Vaibhav Tolia","Internet, Online Portals, Real Estate","Housing.com is an online real estate listing service in India that makes it easier to find, rent, and sell homes.",1001-5000,"₹147,830,000",8,16,housing.com,"Abhimanyu Dhamija, Abhishek Anand, Advitiya Sharma, Amrit Raj, Neeraj Bhunwal, Rahul Yadav, Ravish Naresh, Rishabh Agrawal, Sanat Ghosh, Saurabh Goyal, Snehil Buxy, Vaibhav Tolia",12,,0.0,0.0,0.0,0.0
Doubtnut,Gurgaon,2016,"Aditya Shankar, Tanushree Nagori","E-Learning, EdTech, Education, Image Recognition, STEM Education","Doubtnut is an e-learning website that allows users to ask physics, chemistry, and math study questions.",Nov-50,"₹49,939,813",5,10,doubtnut,"Aditya Shankar, Tanushree Nagori",2,doubtnut,0.0,3.0,130.0,2.0
smallcase,Bengaluru,2015,"Anugrah Shrivastava, Rohan Gupta, Vasanth Kamath",Financial Services,Changing India's equities investment strategy,101-250,"₹22,000,000",3,11,smallcase,"Anugrah Shrivastava, Rohan Gupta, Vasanth Kamath",3,smallcase,0.0,2.0,1111.0,4.0
Instamojo,Bengaluru,2012,"Aditya Sengupta, Akash Gehani, Harshad Sharma, Sampad Swain","Business Development, E-Commerce, Financial Services, Payments","Instamojo is a mobile payments platform that helps entrepreneurs start, run, and grow their businesses online.",101-250,"₹8,444,527",7,14,instamojo,"Aditya Sengupta, Akash Gehani, Harshad Sharma, Sampad Swain",4,instamojo,0.0,1.0,249.0,1.0
Zomato,Gurgaon,2008,"Deepinder Goyal, Gaurav Gupta, Pankaj Chaddah","Food Delivery, Mobile Apps, Reservations, Restaurants",Zomato is an online restaurant guide and food ordering platform that allows users to order and have meals delivered from restaurants.,10001+,"₹2,100,568,357",21,25,zomato,"Deepinder Goyal, Gaurav Gupta, Pankaj Chaddah",3,zomato,0.0,9.0,10590.75,10.0
SUGAR Cosmetics,Mumbai,2012,"Kaushik Mukherjee, Vineeta Singh","Beauty, Brand Marketing, Cosmetics, Internet, Online Portals, Retail","SUGAR Cosmetics is a cruelty-free makeup brand that specializes on high-style, high-performance cosmetics.",1001-5000,"₹35,500,000",3,6,sugar cosmetics,"Kaushik Mukherjee, Vineeta Singh",2,sugar cosmetics,0.0,1.0,1490.0,2.0
WinZO,New Delhi,2018,"Chanchal Kurele, Paavan Nanda, Saumya Singh Rathore","Digital Entertainment, eSports, Gaming, Media and Entertainment, Online Games",WinZO is a mobile e-sports social game platform that rewards participants with cash and prizes.,51-100,"₹45,500,000",5,12,winzo,"Chanchal Kurele, Paavan Nanda, Saumya Singh Rathore",3,winzo,0.0,2.0,2409.0,3.0
Chingari,Bengaluru,2018,Not Available,"Social, Video",Chingari is a video-on-demand service.,01-Oct,"₹14,340,302",5,18,chingari,Not Available,1,chingari,0.0,2.0,19.0,9.0
Fisdom,Bengaluru,2015,"Anand Dalmia, Ramganesh Iyer, Subramanya S.V.","Advice, Apps, Finance, Financial Services, FinTech",Fisdom is a fintech firm that provides investment advisory services via an app.,101-250,"₹23,450,864",6,7,fisdom,"Anand Dalmia, Ramganesh Iyer, Subramanya S.V.",3,fisdom,0.0,4.0,37.96,7.0
Digit Insurance,Bengaluru,2016,"Kamesh Goyal, Philip Varghese, Sriram Shankar, Vijay Kumar","Finance, Financial Services, Insurance, InsurTech",Digit Insurance is a financial services firm that specializes in general insurance.,1001-5000,"₹244,460,150",5,4,digit insurance,"Kamesh Goyal, Philip Varghese, Sriram Shankar, Vijay Kumar",4,,0.0,0.0,0.0,0.0
Aye Finance,Gurgaon,2014,"Sanjay Sharma, Vikram Jetley","Finance, Financial Services, FinTech, Small and Medium Businesses",Aye Financing is a finance company that helps micro and small businesses with business loans.,501-1000,"₹261,193,454",23,23,aye finance,"Sanjay Sharma, Vikram Jetley",2,aye finance,0.0,10.0,917.1999999999999,10.0
Rivigo,Gurgaon,2014,"Deepak Garg, Gazal Kalra","Automotive, Freight Service, Logistics, Shipping, Software, Transportation",Rivigo is a transportation service company with a technology-enabled logistics platform.,1001-5000,"₹268,701,257",11,6,rivigo,"Deepak Garg, Gazal Kalra",2,rivigo,0.0,7.0,2732.0,10.0
Pepper Content,Mumbai,2017,"Anirudh Singla, Rishabh Shekhar","Content, Content Marketing, Media and Entertainment",Pepper Content is a content-mediation platform that links writers with content-hungry businesses.,Nov-50,"₹4,506,066",2,19,pepper content,"Anirudh Singla, Rishabh Shekhar",2,,0.0,0.0,0.0,0.0
Get My Parking,New Delhi,2015,"Chirag Jain, Rasik Pansare","Automotive, Internet, Parking, Software",Get My Parking is a business-to-business platform-as-a-service provider.,51-100,"₹10,392,793",5,8,get my parking,"Chirag Jain, Rasik Pansare",2,get my parking,0.0,3.0,36.93,6.0
FabAlley,Noida,2012,"Shivani Poddar, Tanvi Malik","E-Commerce, Fashion, Lifestyle, Women's",FabAlley is an online fashion company that specializes in women's clothing.,101-250,"₹18,658,274",8,18,faballey,"Shivani Poddar, Tanvi Malik",2,faballey,0.0,4.0,137.5,7.0
FarMart,Gurgaon,2015,"Alekh Sanghera, Lokesh Singh, Mehtab Singh Hans","Agriculture, Apps, Farming, Mobile, SaaS",FarMart is a micro-SaaS platform that assists food businesses in obtaining high-quality goods at low costs.,Nov-50,"₹3,280,204",4,6,farmart,"Alekh Sanghera, Lokesh Singh, Mehtab Singh Hans",3,farmart,0.0,1.0,0.0,1.0
mfine,Bengaluru,2017,"Ajit Narayanan, Arjun Choudhary, Ashutosh Lawania, Prasad Kompalli","Apps, Artificial Intelligence, Health Care, Hospital, Medical",Mfine is a health-tech firm that is working on an AI-powered telemedicine app for mobile devices.,251-500,"₹48,785,217",6,11,mfine,"Ajit Narayanan, Arjun Choudhary, Ashutosh Lawania, Prasad Kompalli",4,mfine,1.0,4.0,89.45,6.0
Medlife,Bengaluru,2014,"Ananth Narayanan, Prashanth Singh, Tushar Kumar","Information Technology, Retail",Medlife is a value-driven smartphone app that allows you to get medicines online and have them delivered to your home in India.,1001-5000,"₹56,506,662",4,3,medlife,"Ananth Narayanan, Prashanth Singh, Tushar Kumar",3,medlife,0.0,4.0,837.25,4.0
Lendingkart,Ahmedabad,2014,"Harshvardhan Lunia, Mukul Sachan","Finance, Financial Services, FinTech, Lending, Micro Lending",Lendingkart is an online lender that offers SME borrowers short-term working capital loans.,501-1000,"₹257,504,119",12,15,lendingkart,"Harshvardhan Lunia, Mukul Sachan",2,lendingkart,0.0,9.0,1519.43,18.0
Chqbook,Delhi,2017,"Mohit Goel, Rajat Kumar, Sachin Arora, Vipul Sharma","Finance, Financial Services, FinTech","Chqbook is a fintech firm that enables clients to research, compare, book, and purchase personal finance products.",101-250,"₹6,000,000",3,8,chqbook,"Mohit Goel, Rajat Kumar, Sachin Arora, Vipul Sharma",4,chqbook,0.0,2.0,41.0,6.0
Turtlemint,Mumbai,2015,"Anand Prabhudesai, Dhirendra Mahyavanshi, Kunal Shah","Financial Services, Health Insurance, Insurance, InsurTech",Turtlemint is an insurtech platform that helps people find and buy the right insurance products.,251-500,"₹77,000,000",5,10,turtlemint,"Anand Prabhudesai, Dhirendra Mahyavanshi, Kunal Shah",3,turtlemint,0.0,2.0,0.0,3.0
Ecom Express,New Delhi,2012,"K. Satyanarayana, Manju Dhawan, Sanjeev Saxena, T. A. Krishnan","Delivery, E-Commerce, Logistics","Ecom Express is a logistics solutions provider that enables customization, scalability, and the processing of delivery services.",10001+,"₹485,392,829",6,4,ecom express,"K. Satyanarayana, Manju Dhawan, Sanjeev Saxena, T. A. Krishnan",4,ecom express,0.0,3.0,1377.75,2.0
BharatPe,New Delhi,2018,"Ashneer Grover, Bhavik Koladiya, Shashvat Nakrani","Apps, Financial Services, FinTech, Payments, QR Codes",BharatPe is a FinTech firm that assists merchants in accepting free payments from customers.,251-500,"₹290,345,855",7,17,bharatpe,"Ashneer Grover, Bhavik Koladiya, Shashvat Nakrani",3,bharatpe,0.0,3.0,2053.75,3.0
Vymo,Bengaluru,2013,"Venkat Malladi, Yamini Bhat","Analytics, Apps, CRM, Mobile, Productivity Tools, SaaS, Sales Automation",Vymo is a personal assistant program that automates sales and service team duties in businesses.,51-100,"₹23,000,000",5,5,vymo,"Venkat Malladi, Yamini Bhat",2,vymo,0.0,1.0,41.25,1.0
Shiprocket,New Delhi,2017,"Gautam Kapoor, Saahil Goel, Vishesh Khurana","E-Commerce, Logistics, Shipping, Supply Chain Management",Shiprocket is an e-commerce shipping platform that allows direct-to-consumer companies to ship at a lower cost.,251-500,"₹53,350,000",6,12,shiprocket,"Gautam Kapoor, Saahil Goel, Vishesh Khurana",3,shiprocket,0.0,3.0,734.13,6.0
LeadSquared,Bengaluru,2011,Nilesh Patel,"CRM, SaaS, Software",Platform for sales execution and marketing automation that helps companies alter their sales processes.,101-250,"₹35,000,000",2,3,leadsquared,Nilesh Patel,1,,0.0,0.0,0.0,0.0
FamPay,Bengaluru,2019,"Kush Taneja, Sambhav Jain","Financial Services, Lifestyle, Payments","FamPay allows parents to send money to their adolescent children via UPI, P2P, and card payments.",51-100,"₹42,850,000",3,17,fampay,"Kush Taneja, Sambhav Jain",2,fampay,0.0,1.0,39.0,4.0
Quikr,Bengaluru,2008,"Jiby Thomas, Pranay Chulet","Classifieds, E-Commerce, Internet, Marketplace, Rental Property","Quikr is a free classifieds and online marketplace in India that allows users to sell, buy, rent, and discover anything.",1001-5000,"₹424,214,622",12,15,quikr,"Jiby Thomas, Pranay Chulet",2,quikr,0.0,5.0,2007.5,8.0
Quizizz,Bengaluru,2015,"Ankit Gupta, Deepak Joy Cheenath","E-Learning, Education, Gamification, Skill Assessment, Software, Training",Quizizz is an educational platform that provides any learner with engaging gamified quizzes and interactive courses.,Nov-50,"₹15,504,114",3,6,quizizz,"Ankit Gupta, Deepak Joy Cheenath",2,quizizz,0.0,1.0,24.75,2.0
Stanza Living,New Delhi,2017,"Anindya Dutta, Sandeep Dalmia","Home Services, Hospitality, Information Technology, Real Estate, Rental Property",Stanza Living is a tech-enabled co-living concept designed for students and working people who are relocating.,251-500,"₹172,175,325",6,12,stanza living,"Anindya Dutta, Sandeep Dalmia",2,stanza living,0.0,4.0,162.5,4.0
Pristyn Care,Gurgaon,2018,Harsimarbir (Harsh) Singh,"Health Care, Hospital, Internet",Pristyn Care is a health-care startup that is changing the way elective surgery is performed.,501-1000,"₹81,000,000",4,5,pristyn care,Harsimarbir (Harsh) Singh,1,pristyn care,0.0,2.0,915.0,5.0
Polygon (Previously Matic Network),Mumbai,2017,Not Available,Blockchain,Matic Network is a scalability platform for blockchains.,Nov-50,"₹450,000",3,4,polygon (previously matic network),Not Available,1,,0.0,0.0,0.0,0.0
Bobble AI,Haryana,2015,"Ankit Prasad, Mohd Wassem, Rahul Prasad","Artificial Intelligence, Machine Learning, Messaging, Natural Language Processing, Text Analytics",Bobble AI is a keyboard discussion media platform that creates customised content for its customers using artificial intelligence.,51-100,"₹13,275,213",5,3,bobble ai,"Ankit Prasad, Mohd Wassem, Rahul Prasad",3,,0.0,0.0,0.0,0.0
Cell Propulsion,Bengaluru,2016,"Nakul Kukar, Paras Kaushal","Automotive, Electric Vehicle",Cell Propulsion is a fleet electrification firm that develops solutions for large-scale commercial vehicle fleet electrification.,Nov-50,"₹4,074,000",6,6,cell propulsion,"Nakul Kukar, Paras Kaushal",2,cell propulsion,0.0,3.0,1.4,3.0
Dukaan®,Bengaluru,2019,"Kaustub Pandey, Subhash Choudhary, Suumit Shah",DIY,Dukaan is a self-service platform that allows merchants with no programming experience to set up an e-commerce store using their smartphone.,Nov-50,"₹6,000,000",1,9,dukaan®,"Kaustub Pandey, Subhash Choudhary, Suumit Shah",3,,0.0,0.0,0.0,0.0
Play Shifu,Bengaluru,2016,"Dinesh Advani, Vivek Goyal","Augmented Reality, Education, Media and Entertainment, STEM Education, Toys",PlayShifu is an EdTech company that provides teaching and learning tools for kids aged 4 to 12.,51-100,"₹28,438,340",5,10,play shifu,"Dinesh Advani, Vivek Goyal",2,,0.0,0.0,0.0,0.0
Lava International Limited,Noida,2009,"Shailendra Nath Rai, Sunil Bhalla, Vishal Sehgal","Consumer Electronics, Mobile, Telecommunications",Lava International Limited adheres to the highest standards of moral and professional ethics.,501-1000,"₹90,000,000",1,1,lava international limited,"Shailendra Nath Rai, Sunil Bhalla, Vishal Sehgal",3,,0.0,0.0,0.0,0.0
Vivriti Capital,Chennai,2017,"Aniket Deshpande, Gaurav Kumar, Irfan Mohammed, Soumendra Ghosh, Vineet Sukumar","Analytics, Banking, Crowdfunding, Financial Services, FinTech, Insurance, Marketplace",Vivriti Capital is a marketplace for small businesses and individuals that don't have easy access to credit.,101-250,"₹107,701,572",4,2,vivriti capital,"Aniket Deshpande, Gaurav Kumar, Irfan Mohammed, Soumendra Ghosh, Vineet Sukumar",5,vivriti capital,0.0,4.0,778.0,5.0
DocsApp,Bengaluru,2015,"Enbasekar Dinadayalane, Satish Kannan","Health Care, Medical, Mobile Apps, Wellness",DocsApp is an online medical consultation platform that offers advice to patients of all ages in a variety of fields.,1001-5000,"₹27,575,748",5,11,docsapp,"Enbasekar Dinadayalane, Satish Kannan",2,docsapp,0.0,3.0,147.3,8.0
Furlenco,Bengaluru,2012,Ajith Karimpana,"Consumer, Furniture, Home Decor, Home Improvement, Rental, Subscription Service",Furlenco is a monthly furniture rental subscription service that allows users to rent furniture on a monthly basis.,251-500,"₹68,955,715",16,21,furlenco,Ajith Karimpana,1,furlenco,0.0,8.0,448.15,7.0
Swiggy,Bengaluru,2014,"Nandan Reddy, Rahul Jaimini, Sriharsha Majety","Delivery Service, E-Commerce Platforms, Restaurants",Swiggy is an on-demand meal delivery service that delivers food from local eateries to clients' doorsteps.,10001+,"₹2,428,380,000",14,23,swiggy,"Nandan Reddy, Rahul Jaimini, Sriharsha Majety",3,swiggy,0.0,12.0,13513.630000000001,17.0
Bombay Shaving Company,New Delhi,2015,"Deepu Panicker, Raunak Munot, Rohit Jaiswal, Shantanu Deshpande","Consumer Goods, E-Commerce, Lifestyle, Men's","Bombay Shaving Company is a consumer goods company that specializes in the development of shave, beard, and skincare products.",01-Oct,"₹17,696,569",6,16,bombay shaving company,"Deepu Panicker, Raunak Munot, Rohit Jaiswal, Shantanu Deshpande",4,,0.0,0.0,0.0,0.0
Treebo Hotels,Bengaluru,2015,"Kadam Jeet Jain, Rahul Chaudhary, Sidharth Gupta","Hospitality, Hotel, Internet","Treebo is India's first tech-enabled, asset-light, low-cost lodging brand.",501-1000,"₹69,174,397",9,16,treebo hotels,"Kadam Jeet Jain, Rahul Chaudhary, Sidharth Gupta",3,treebo hotels,0.0,1.0,83.0,1.0
Betterhalf,Bengaluru,2016,"Pawan Gupta, Rahul Namdev","Artificial Intelligence, Consumer Applications, Dating","Based on the past data of millions of married couples, Betterhalf develops an AI-based partner prediction engine.",Nov-50,"₹4,600,000",3,10,betterhalf,"Pawan Gupta, Rahul Namdev",2,,0.0,0.0,0.0,0.0
JioSaavn,Mumbai,2007,"Anjali Naik, Anurag Gupta, Paramdeep Singh, Rishi Malhotra, Vinodh Bhat","Internet, Mobile, Music, Music Streaming, Video Streaming","Saavn is an Indian, Bollywood, and international music streaming service.",101-250,"₹131,591,747",7,13,jiosaavn,"Anjali Naik, Anurag Gupta, Paramdeep Singh, Rishi Malhotra, Vinodh Bhat",5,,0.0,0.0,0.0,0.0
nearbuy,New Delhi,2011,Ankur Warikoo,"Apps, E-Commerce, Internet, Restaurants, Travel","NearBuy helps you find the finest things to do, purchase, and use in your area.",501-1000,"₹37,237,275",3,2,nearbuy,Ankur Warikoo,1,nearbuy,0.0,2.0,152.63,2.0
Indifi Technologies,Gurgaon,2015,"Alok Mittal, Siddharth Mahanot, Sundeep Sahi","Credit, Financial Services, FinTech, Lending",Indifi Technologies is a small company financing provider with a digital lending platform.,101-250,"₹35,826,551",5,15,indifi technologies,"Alok Mittal, Siddharth Mahanot, Sundeep Sahi",3,,0.0,0.0,0.0,0.0
Portea Medical,Bengaluru,2013,"Ganesh Krishnan, Karan Aneja, Manjusha Anumolu, Meena Ganesh, Zachary Jones","Health Care, Home Health Care, Hospital, Medical","With a 24-city network, Portea Medical is India's largest and fastest-growing provider of in-home medical services.",1001-5000,"₹76,066,894",6,10,portea medical,"Ganesh Krishnan, Karan Aneja, Manjusha Anumolu, Meena Ganesh, Zachary Jones",5,portea medical,0.0,5.0,724.88,8.0
Stashfin,New Delhi,2016,Tushar Aggarwal,"Apps, Banking, Finance, Financial Services, FinTech",StashFin is a digital lending startup that uses technology to make credit decisions in real time.,51-100,"₹75,000,000",3,14,stashfin,Tushar Aggarwal,1,stashfin,0.0,1.0,41.25,2.0
Square Yards,Gurgaon,2014,"Kanika Gupta, Tanuj Shori","Market Research, Real Estate","Square Yards is India's largest real estate platform, with over 20 cities and 9 countries represented.",5001-10000,"₹73,000,000",6,11,square yards,"Kanika Gupta, Tanuj Shori",2,square yards,0.0,3.0,231.0,4.0
HealthifyMe,Bengaluru,2012,"Mathew Cherian, Sachin Shenoy, Tushar Vashisht","Apps, Fitness, Health Care, mHealth",HealthifyMe is a computer and smartphone application that allows users to reach their fitness and weight loss goals.,101-250,"₹25,000,000",7,17,healthifyme,"Mathew Cherian, Sachin Shenoy, Tushar Vashisht",3,healthifyme,0.0,7.0,266.25,13.0
QuickSell,Mumbai,2017,Deepak Bhagchandani,Software,Platform for B2B Mobile Commerce,Nov-50,"₹2,225,000",2,6,quicksell,Deepak Bhagchandani,1,,0.0,0.0,0.0,0.0
Perpule,Bengaluru,2016,"Abhinav Pathak, Saketh BSV, Yogesh Ghaturle","Apps, Billing, Enterprise Software, Mobile Payments, Point of Sale, Retail Technology, SaaS, Shopping, Software","UltraPOS by Perpule is a cloud-based, mobile POS solution that significantly enhances your store's billing and checkout processes.",101-250,"₹6,361,203",3,5,perpule,"Abhinav Pathak, Saketh BSV, Yogesh Ghaturle",3,perpule,1.0,3.0,73.36,2.0
ReNew Power,Gurgaon,2011,Sumant Sinha,"Clean Energy, Energy, Renewable Energy, Solar, Wind Energy",ReNew Power is an Indian wind energy company.,101-250,"₹2,776,179,257",12,9,renew power,Sumant Sinha,1,,0.0,0.0,0.0,0.0
Hike,New Delhi,2012,Kavin Bharti Mittal,"Apps, Messaging, Mobile, Online Portals, Social Network",Hike is a company that creates and develops mobile messaging apps.,251-500,"₹261,000,000",5,10,hike,Kavin Bharti Mittal,1,hike,0.0,1.0,1443.75,5.0
Mswipe Technologies,Mumbai,2011,Manish Patel,"Financial Services, Payments","POS, Mobile POS, mPOS, Card Payment, Payment Solutions, mQR, QR code, Digital Payments, Card Swiping Machine, NFC Payment, mQR, QR code, mQR, QR code, Digital Payments, Card Swiping Machine",5001-10000,"₹97,467,607",9,14,mswipe technologies,Manish Patel,1,,0.0,0.0,0.0,0.0
Virohan,Gurgaon,2018,"Archit Jayasal, Kunaal Dudeja, Nalin Saluja, Paarul Dudeja","Continuing Education, Corporate Training, EdTech, Health Care, Higher Education, Vocational Education",Virohan is an EdTech startup that provides students with healthcare vocational training so that they can pursue a career in the field.,101-250,"₹3,450,000",6,9,virohan,"Archit Jayasal, Kunaal Dudeja, Nalin Saluja, Paarul Dudeja",4,virohan,0.0,1.0,9.0,2.0
BimaPe,Mumbai,2020,Rahul Mathur,"Consumer Applications, FinTech, InsurTech","For individuals and families across India, BimaPe demystifies insurance and its management. 'BimaPe Bharosa Karo' means 'BimaPe Bharosa Karo.'",01-Oct,"₹545,000",2,5,bimape,Rahul Mathur,1,,0.0,0.0,0.0,0.0
Netmeds,Chennai,2010,Pradeep Dadha,"E-Commerce, Health Care, Pharmaceutical",Welcome to the most convenient drugstore in India!,501-1000,"₹99,000,000",3,4,netmeds,Pradeep Dadha,1,netmeds,0.0,5.0,1170.25,6.0
XYXX Apparels,Surat,2017,Yogesh Kabra,"Gaming, Sports","XYXX Apparels, which owns the XYXX innerwear line.",51-100,"₹4,923,799",3,3,xyxx apparels,Yogesh Kabra,1,,0.0,0.0,0.0,0.0
One97,Noida,2000,Vijay Shekhar Sharma,"Finance, FinTech, Internet, Mobile Advertising, Mobile Payments, Software",One97 provides its customers with mobile content and commerce services.,1001-5000,"₹4,432,652,051",13,15,one97,Vijay Shekhar Sharma,1,,0.0,0.0,0.0,0.0
Airmeet,Bengaluru,2019,"Lalit Mangal, Manoj Singh, Vinay Kumar Jasti","Events, Social, Software, Video Conferencing","Airmeet is an all-in-one event platform that features virtual social lounges for networking and virtual summits, meetups, and courses.",51-100,"₹15,000,000",4,20,airmeet,"Lalit Mangal, Manoj Singh, Vinay Kumar Jasti",3,airmeet,0.0,2.0,1021.0,3.0
BookMyShow,Mumbai,1999,"Ashish Hemrajani, Parikshit Dar, Rajesh Balpande","Digital Entertainment, E-Commerce, Event Management, Events, Internet, Media and Entertainment, Online Auctions, Social Media, Sports","BookMyShow is an online ticketing service for movies, theaters, and sporting events in India.",501-1000,"₹224,500,000",6,6,bookmyshow,"Ashish Hemrajani, Parikshit Dar, Rajesh Balpande",3,,0.0,0.0,0.0,0.0
Embibe,Mumbai,2012,Aditi Avasthi,"Content Creators, Digital Marketing, EdTech, Education, Tutoring",Embibe gives students with tailored educational input.,101-250,"₹196,656,376",4,4,embibe,Aditi Avasthi,1,embibe,0.0,1.0,104.0,1.0
Awign Enterprises,Bengaluru,2016,"Annanya Sarthak, Gurpreet Singh, Praveen Sah","Business Development, E-Commerce, EdTech, Hospitality, Information Technology, Last Mile Transportation, Marketing, Outsourcing",Awign is a work fulfillment platform that focuses on the gig economy and offers last-mile delivery.,251-500,"₹5,463,025",5,11,awign enterprises,"Annanya Sarthak, Gurpreet Singh, Praveen Sah",3,awign enterprises,0.0,4.0,52.0,6.0
ixigo,Gurgaon,2006,"Aloke Bajpai, Dharmendra Yashovardhan, Rajnish Kumar","Mobile, Mobile Apps, Tourism, Travel",ixigo.com is an online travel site in India that makes all of your vacations easier.,101-250,"₹35,500,000",5,6,ixigo,"Aloke Bajpai, Dharmendra Yashovardhan, Rajnish Kumar",3,ixigo,0.0,2.0,123.75,3.0
Shuttl,Gurgaon,2015,"Amit Singh, Deepanshu Malviya","Apps, Mobile, Software, Transportation","Shuttl is an app-based shuttle service that makes everyone's everyday commute safer, more reliable, and more economical.",251-500,"₹122,313,023",13,22,shuttl,"Amit Singh, Deepanshu Malviya",2,shuttl,0.0,8.0,439.5,8.0
Chai Point,Bengaluru,2010,"Amuleek Singh Bijral, Gaganjot Kaur","Food and Beverage, Food Processing, Restaurants, Snack Food, Tea",Chai Point is a multi-channel beverage company that offers a precisely brewed cup of chai.,1001-5000,"₹46,221,395",9,6,chai point,"Amuleek Singh Bijral, Gaganjot Kaur",2,chai point,0.0,2.0,82.5,3.0
Avail Finance,Bengaluru,2017,"Ankush Aggarwal, Tushar Mehndiratta","Finance, FinTech, Mobile Payments",Avail is a digital app that provides loans to India's blue-collar population with flexible repayment choices.,51-100,"₹41,443,027",5,8,avail finance,"Ankush Aggarwal, Tushar Mehndiratta",2,avail finance,1.0,4.0,247.97,4.0
Flock,Mumbai,2014,Bhavin Turakhia,"Apps, Collaboration, Developer Platform, Enterprise Software, Messaging, Productivity Tools, Video Chat",Flock is a real-time messaging and collaboration app for teams that improves productivity by speeding up and simplifying communication.,101-250,"₹45,000,000",3,2,flock,Bhavin Turakhia,1,flock,0.0,2.0,0.0,1.0
GlowRoad,Bengaluru,2017,"Kunal Sinha, Nilesh Padariya, Nitesh Pant, Shekhar Sahu, Sonal Verma","E-Commerce, Retail, Social Shopping","GlowRoad is the largest reseller network in the world, with over 200,000 resellers selling in over 1000 cities and earning money online.",51-100,"₹31,300,000",4,7,glowroad,"Kunal Sinha, Nilesh Padariya, Nitesh Pant, Shekhar Sahu, Sonal Verma",5,glowroad,0.0,2.0,111.38,3.0
HomeLane,Bengaluru,2014,"Rama Harinath, Srikanth Iyer, Tanuj Choudhry, Vivek Parasuram","Home Decor, Home Improvement, Interior Design, Internet",HomeLane is a home interior design firm that assists buyers in creating unique interiors for their homes.,501-1000,"₹63,359,735",9,12,homelane,"Rama Harinath, Srikanth Iyer, Tanuj Choudhry, Vivek Parasuram",4,homelane,0.0,7.0,1232.5900000000001,13.0
Wow! Momo,Kolkata,2008,"Binod Kumar Homagai, Sagar Daryani, Shah Miftaur Rahman","Food and Beverage, Food Delivery, Food Processing",Wow! Momo is a fast-food restaurant chain known for its momos.,251-500,"₹37,996,690",5,6,wow! momo,"Binod Kumar Homagai, Sagar Daryani, Shah Miftaur Rahman",3,wow! momo,0.0,2.0,2512.2,3.0
LetsTransport,Bengaluru,2015,"Ankit Parasher, Pushkar Singh, Sudarshan Ravi","Logistics, Transportation, Travel",Lets Transport is a logistics company that offers a variety of services.,Nov-50,"₹24,628,092",8,12,letstransport,"Ankit Parasher, Pushkar Singh, Sudarshan Ravi",3,letstransport,0.0,6.0,334.73,8.0
Digital Class E-Learning Marketplace,Ahmedabad,2017,"Hitesh Mohkar, Tushar Dhakate","B2B, B2C, E-Learning, EdTech, Marketplace",Sellers and consumers of online courses can meet on this educational marketplace.,Nov-50,"₹42,000",1,0,digital class e-learning marketplace,"Hitesh Mohkar, Tushar Dhakate",2,,0.0,0.0,0.0,0.0
RentoMojo,Bengaluru,2014,"Achal Mittal, Ajay Nain, Geetansh Bamania","E-Commerce, Furniture, Internet, Rental","RentoMojo is an online rental marketplace that offers monthly rentals of furniture, appliances, and gadgets (mobile phones, laptops).",501-1000,"₹51,443,326",14,19,rentomojo,"Achal Mittal, Ajay Nain, Geetansh Bamania",3,rentomojo,0.0,3.0,101.0,5.0
SBI Life,Mumbai,2001,Not Available,"Financial Services, Health Care, Insurance",SBI Life is a life insurance company that provides a variety of plans and policies to safeguard you and your loved ones.,10001+,"₹742,000,000",1,2,sbi life,Not Available,1,sbi life,0.0,2.0,7420.0,1.0
Zivame.com,Bengaluru,2011,"Kapil Karekar, Richa Kar","E-Commerce, Fashion, Internet, Lingerie","Zivame is an online lingerie store based in India that allows users to shop by category, brand, color, and size.",251-500,"₹69,002,120",8,11,zivame.com,"Kapil Karekar, Richa Kar",2,,0.0,0.0,0.0,0.0
VerSe Innovation,Bengaluru,2007,"Umang Bedi, Virendra Gupta","Content, Internet, Social Media",VerSe Innovation is a platform for local language technology.,501-1000,"₹434,009,213",20,22,verse innovation,"Umang Bedi, Virendra Gupta",2,verse innovation,0.0,1.0,8300.0,1.0
CoinDCX,Mumbai,2017,"Neeraj Khandelwal, Sumit Gupta","Blockchain, Cryptocurrency, Financial Services, FinTech, Trading Platform",CoinDCX is a cryptocurrency-enabled financial services provider.,Nov-50,"₹5,500,000",3,10,coindcx,"Neeraj Khandelwal, Sumit Gupta",2,coindcx,0.0,3.0,876.0,5.0
Country Delight,Sohna,2015,"Chakradhar Gade, Nitin Kaushal","Agriculture, Delivery Service, Food and Beverage, Food Delivery","Country Delight makes and distributes milk with the goal of delivering high-quality, pure milk to your home.",501-1000,"₹44,247,827",9,6,country delight,"Chakradhar Gade, Nitin Kaushal",2,country delight,0.0,1.0,2075.0,2.0
BankBazaar.com,Chennai,2008,"Adhil Shetty, Arjun Shetty, Rati Shetty","E-Commerce, Finance, FinTech, Insurance, Marketplace",BankBazaar.com is an independent online marketplace that provides immediate customized loan and insurance rate quotations.,1001-5000,"₹115,000,000",6,16,bankbazaar.com,"Adhil Shetty, Arjun Shetty, Rati Shetty",3,,0.0,0.0,0.0,0.0
Happay,Whitefield,2012,"Anshul Rai, Varun Rathi","Financial Services, FinTech, SaaS, Software",Happay is an artificial intelligence-powered business expenditure management software that helps companies automate their cost management processes.,251-500,"₹21,556,985",7,8,happay,"Anshul Rai, Varun Rathi",2,happay,0.0,2.0,6.1899999999999995,2.0
Five Star Business Finance,Kilpauk,1984,V K Ranganathan,"Banking, Finance, Financial Services, Personal Finance",Five-Star is a Reserve Bank of India-registered non-banking finance company (NBFC) (RBI).,1001-5000,"₹456,059,601",7,8,five star business finance,V K Ranganathan,1,,0.0,0.0,0.0,0.0
Goodera,Bengaluru,2014,"Abhishek Humbad, Richa Bajpai","Computer, Events, Software, Sustainability",Goodera is a technological platform that assists businesses in managing their corporate social responsibility (CSR) programs.,101-250,"₹17,612,830",3,6,goodera,"Abhishek Humbad, Richa Bajpai",2,goodera,0.0,1.0,45.38,2.0
Simpl,Bengaluru,2015,"Chaitra Chidanand, Nityanand Sharma","E-Commerce, Financial Services, Lending, Payments","In India, Simpl is the most popular Pay-Later platform.",101-250,"₹26,700,000",3,5,simpl,"Chaitra Chidanand, Nityanand Sharma",2,,0.0,0.0,0.0,0.0
F5 Refreshement,New Delhi,2018,"Lalit Aggarwal, Raghav Arora",Food and Beverage,F5 Refreshment is a company that produces snacks and beverages.,51-100,"₹621,291",2,6,f5 refreshement,"Lalit Aggarwal, Raghav Arora",2,,0.0,0.0,0.0,0.0
ShopClues,Gurgaon,2011,"Radhika Aggarwal, Sandeep Aggarwal, Sanjay Sethi","E-Commerce, Internet, Marketplace, Shopping",Shop Clues is a platform that allows buyers and sellers to communicate in a controlled environment.,1001-5000,"₹257,002,291",11,12,shopclues,"Radhika Aggarwal, Sandeep Aggarwal, Sanjay Sethi",3,shopclues,0.0,3.0,1713.53,5.0
Aknamed,Bengaluru,2018,"Saurabh Pandey, Varun Vohra","Health Care, Hospital, Supply Chain Management","In India, Aknamed is optimizing the healthcare supply chain.",51-100,"₹7,000,000",1,1,aknamed,"Saurabh Pandey, Varun Vohra",2,,0.0,0.0,0.0,0.0
Droom,Haryana,2014,Sandeep Aggarwal,"Automotive, B2B, E-Commerce, E-Commerce Platforms, Internet, Marketplace, News",Droom is an online vehicle marketplace that is powered by technology and data science.,251-500,"₹133,000,000",7,10,droom,Sandeep Aggarwal,1,droom,0.0,6.0,624.75,9.0
Box8,Mumbai,2012,"Amit Raj, Anshul Gupta","Delivery, E-Commerce, Food and Beverage, Food Delivery",BOX8 is a meal-delivery service that delivers meals in a handy and easy-to-carry box.,1001-5000,"₹32,668,662",9,10,box8,"Amit Raj, Anshul Gupta",2,box8,0.0,5.0,132.01,6.0
Cashkaro,Gurgaon,2013,"Rohan Bhargava, Swati Bhargava","Coupons, Customer Service, E-Commerce, Internet, Retail",Customers who shop at online stores through Cashkaro are rewarded with coupons and rebates.,51-100,"₹14,550,000",4,3,cashkaro,"Rohan Bhargava, Swati Bhargava",2,cashkaro,0.0,3.0,860.53,4.0
CropIn,Bengaluru,2010,Krishna Kumar,"Analytics, Artificial Intelligence, Farming, Forestry, Information and Communications Technology (ICT), Machine Learning, Predictive Analytics, SaaS, Satellite Communication, Software",CropIn is a leading AI and data-driven agri-tech company that uses deep learning to give SaaS solutions to agribusinesses throughout the world.,101-250,"₹32,599,576",10,12,cropin,Krishna Kumar,1,,0.0,0.0,0.0,0.0
Jupiter,Mumbai,2019,Jitendra Gupta,"Banking, Consulting, Financial Services, Wealth Management",Jupiter is a digital retail banking solution that helps consumers keep track of their spending.,Nov-50,"₹26,000,000",2,7,jupiter,Jitendra Gupta,1,,0.0,0.0,0.0,0.0
ShopX,Bengaluru,2015,"Amit Sharma, Apoorva Jois","B2B, E-Commerce, Internet","Brands, merchants, and consumers are all connected through ShopX, a retail operating system.",101-250,"₹56,417,592",4,5,shopx,"Amit Sharma, Apoorva Jois",2,shopx,0.0,3.0,342.0,3.0
LocoNav,Azadpur,2015,"Shridhar Gupta, Vidit Jain","Computer, Software, Software Engineering",LocoNav is an online fleet management software supplier that offers a single platform for running and managing fleet operations.,101-250,"₹7,420,000",3,3,loconav,"Shridhar Gupta, Vidit Jain",2,,0.0,0.0,0.0,0.0
Avataar.Me,Bengaluru,2016,"Gaurav Baid, Mayank Tiwari, Prashanth Aluru, Sravanth Aluru","3D Technology, Augmented Reality, E-Commerce, Fashion, Mobile Apps, Software, Virtual Reality",Avataar.Me is a high-tech provider of AR and VR services that are utilized to turn 2D design materials into 3D social media campaigns.,51-100,"₹7,000,000",1,1,avataar.me,"Gaurav Baid, Mayank Tiwari, Prashanth Aluru, Sravanth Aluru",4,,0.0,0.0,0.0,0.0
BluSmart Mobility,Ahmedabad,2019,"Anmol Jaggi, Punit Goyal","Electric Vehicle, Mobile Apps, Ride Sharing",BluSmart is an electric vehicle fast charging network and a zero-emission ridehailing service.,51-100,"₹17,062,939",5,20,blusmart mobility,"Anmol Jaggi, Punit Goyal",2,,0.0,0.0,0.0,0.0
SleepyCat,Mumbai,2017,Kabir Siddiq,E-Commerce,SleepyCat is a mattress and sleep-solutions firm that sells directly to consumers online.,01-Oct,"₹1,320,000",1,3,sleepycat,Kabir Siddiq,1,,0.0,0.0,0.0,0.0
INDwealth,Gurgaon,2018,"Abhay Girnara, Amit Jain, Amrita Sirohia, Ashish Kashyap, Monika Dua, Pratiksha Dake","Artificial Intelligence, Financial Services, FinTech, Machine Learning, Personal Finance, Wealth Management",INDwealth is a wealth management platform for HNI families that uses Artificial Intelligence and Machine Learning.,101-250,"₹56,891,230",3,4,indwealth,"Abhay Girnara, Amit Jain, Amrita Sirohia, Ashish Kashyap, Monika Dua, Pratiksha Dake",6,indwealth,0.0,4.0,572.75,5.0
Shipsy,Gurgaon,2015,"Dhruv Agrawal, Himanshu Gupta, Soham Chokshi","Big Data, Internet of Things, Logistics, Machine Learning, Software, Supply Chain Management","Shipsy's platform provides data-driven decision-making in the Supply Chain business, improving visibility and operational efficiency.",101-250,"₹7,697,983",4,8,shipsy,"Dhruv Agrawal, Himanshu Gupta, Soham Chokshi",3,shipsy,0.0,2.0,506.25,3.0
Kissht,Mumbai,2015,"Karan Mehta, Krishnan Vishwanathan","Credit, Finance, Financial Services, FinTech, Lending, Sales Automation","Kissht is a financial technology platform that allows users to get fast, hassle-free credit for purchases made at digital points of sale.",251-500,"₹49,247,312",6,8,kissht,"Karan Mehta, Krishnan Vishwanathan",2,kissht,0.0,4.0,567.0,6.0
MedGenome,Bengaluru,2013,"Mahesh Pratapneni, Sam Santhosh","Biotechnology, Genetics, Health Care, Health Diagnostics, Medical","MedGenome is a biotechnology firm that offers a comprehensive tracking, analysis, and data reporting system.",251-500,"₹119,000,000",6,12,medgenome,"Mahesh Pratapneni, Sam Santhosh",2,medgenome,0.0,4.0,946.0,9.0
Fabhotels,Gurgaon,2015,"Adarsh Manpuria, Vaibhav Aggarwal","E-Commerce, Hospitality, Hotel, Travel Accommodations",Fabhotels is an online hotel room aggregator. Its goal is to provide standardized services at a low cost.,51-100,"₹48,598,636",7,9,fabhotels,"Adarsh Manpuria, Vaibhav Aggarwal",2,fabhotels,0.0,4.0,440.25,6.0
Loadshare,Bengaluru,2017,"Pramod Nair, Raghuram Talluri, Rakib Ahmed, Tanmoy Karmakar","Delivery Service, Industrial Automation, Logistics, Software, Supply Chain Management","Loadshare Network focuses on first-mile, line-haul, and last-mile delivery services via its logistical software solutions.",Nov-50,"₹21,262,496",7,9,loadshare,"Pramod Nair, Raghuram Talluri, Rakib Ahmed, Tanmoy Karmakar",4,loadshare,1.0,4.0,66.5,3.0
Gradeup,Noida,2015,"Sanjeev Kumar, Shobhit Bhatnagar, Vibhu Bhushan","Education, Mobile, Online Portals",India's largest and most effective competitive test preparation site.,501-1000,"₹10,020,000",5,2,gradeup,"Sanjeev Kumar, Shobhit Bhatnagar, Vibhu Bhushan",3,gradeup,0.0,1.0,71.0,2.0
FreeCharge,Mumbai,2010,"Kunal Shah, Sandeep Tandon","Coupons, E-Commerce, Internet, Payments",FreeCharge is a service that provides coupons for consumers to utilize when topping up their mobile subscriptions.,251-500,"₹177,639,874",7,7,freecharge,"Kunal Shah, Sandeep Tandon",2,freecharge,0.0,2.0,1130.25,5.0
Healthkart,Gurgaon,2011,Sameer Maheshwari,"Dietary Supplements, E-Commerce, Fitness, Health Care, Retail, Wellness","Consumers may reach their fitness objectives with the support of HealthKart's fitness products, services, and community.",251-500,"₹61,000,000",4,8,healthkart,Sameer Maheshwari,1,healthkart,0.0,3.0,200.0,4.0
Saveo,Bengaluru,2019,Not Available,"Fitness, Health Care, Wellness",Saveo is a pharmacy-focused business-to-business e-commerce platform.,101-250,"₹3,720,000",2,24,saveo,Not Available,1,,0.0,0.0,0.0,0.0
True Balance,Gurgaon,2014,"Cheolwon Lee, Jay Yi, Martin Lee","Apps, Financial Services, FinTech, Insurance, Mobile Payments, Personal Finance",True Balance is a digital wallet that allows users to pay bills and access other financial services.,51-100,"₹99,640,920",7,17,true balance,"Cheolwon Lee, Jay Yi, Martin Lee",3,true balance,0.0,5.0,735.5,9.0
Coverfox Insurance,Mumbai,2013,"Devendra Rane, Varun Dua","Auto Insurance, Health Insurance, Insurance, InsurTech, Life Insurance, Travel",Coverfox Insurance is an insurtech company that offers simple online insurance brokerage services.,501-1000,"₹51,250,370",6,13,coverfox insurance,"Devendra Rane, Varun Dua",2,,0.0,0.0,0.0,0.0
EarlySalary,Pune,2015,Akshay Mehrotra,"Financial Services, FinTech, Personal Finance",EarlySalary.com is a Pune-based FinTech startup. We're here to save you from going bankrupt.,101-250,"₹33,267,529",7,6,earlysalary,Akshay Mehrotra,1,earlysalary,0.0,2.0,141.91,2.0
Pitstop,Bengaluru,2015,"Mihir Mohan Mishra, Nirant Ramakuru, Ruchi Deepak","Automotive, Service Industry",Pitstop's doorstep service provides general automotive repair and maintenance services.,101-250,"₹9,702,517",5,12,pitstop,"Mihir Mohan Mishra, Nirant Ramakuru, Ruchi Deepak",3,pitstop,0.0,7.0,133.25,13.0
Wheels Eye,Gurgaon,2017,"Anshul Mimani, Manish Somani","Information Services, Information Technology",WheelsEye is a logistics-tech firm that has received funding.,1001-5000,"₹840,000",1,1,wheels eye,"Anshul Mimani, Manish Somani",2,,0.0,0.0,0.0,0.0
Bira 91,New Delhi,2015,Ankur Jain,"Brewing, Craft Beer, Food and Beverage, Wine And Spirits",Bira 91 is a craft beer company established in India that develops and manufactures a variety of craft beers.,251-500,"₹160,465,015",14,13,bira 91,Ankur Jain,1,,0.0,0.0,0.0,0.0
PlanetSpark,Gurgaon,2016,"Kunal Malik, Maneesh Dhooper","E-Learning, EdTech, Education",PlanetSpark is an after-school math and English program for children in grades two through seven.,01-Oct,"₹576,000",2,4,planetspark,"Kunal Malik, Maneesh Dhooper",2,planetspark,0.0,3.0,7.2,4.0
LimeRoad,Gurgaon,2012,"Ankush Mehra, Manish Saksena, Prashant Malik, Suchi Mukherjee","E-Commerce, Fashion, Internet, Shopping","A fun and exciting way to discover beautiful items, share them, and shop for them.",251-500,"₹51,944,731",5,6,limeroad,"Ankush Mehra, Manish Saksena, Prashant Malik, Suchi Mukherjee",4,limeroad,0.0,1.0,247.5,3.0
Pratilipi,Bengaluru,2015,"Prashant Gupta, Rahul Ranjan, Ranjeet Pratap Singh, Sahradayi Modi, Sankaranarayanan Devarajan","Audio, Comics, Digital Media, EBooks, Podcast, Publishing, Reading Apps","Pratilipi is a platform for language storytelling that connects readers, writers, and their stories.",51-100,"₹29,833,055",5,12,pratilipi,"Prashant Gupta, Rahul Ranjan, Ranjeet Pratap Singh, Sahradayi Modi, Sankaranarayanan Devarajan",5,pratilipi,1.0,6.0,280.56,5.0
Freight Tiger,Mumbai,2014,Swapnil Shah,"Automotive, Logistics, Transportation","Freight Transactions that are simple, efficient, and transparent.",Nov-50,"₹6,600,000",1,3,freight tiger,Swapnil Shah,1,,0.0,0.0,0.0,0.0
unlu,Gurgaon,2020,"Akshay Pruthi, Anurag Dalia, Himanshu Periwal, Vipul Agrawal","Celebrity, Internet, Media and Entertainment, Social Media",unlu is a celebrity interaction platform that enables consumers and brands to receive endorsements from well-known figures.,Nov-50,"₹1,284,058",2,4,unlu,"Akshay Pruthi, Anurag Dalia, Himanshu Periwal, Vipul Agrawal",4,,0.0,0.0,0.0,0.0
KIMS Hospitals,Hyderabad,2000,Bhaskar Rao,"Health Care, Hospital, Medical","KIMS Hospitals is a multidisciplinary, integrated private healthcare services provider with a multispecialty hospital network.",Nov-50,"₹139,178,803",3,3,kims hospitals,Bhaskar Rao,1,,0.0,0.0,0.0,0.0
InterviewBit,Bengaluru,2015,"Abhimanyu Saxena, Anshuman Singh","E-Learning, Employment, Information Technology, Internet, Recruiting, Software",Young software workers can use an e-learning platform to advance their careers.,101-250,"₹21,500,000",2,4,interviewbit,"Abhimanyu Saxena, Anshuman Singh",2,interviewbit,0.0,1.0,1640.0,3.0
Oye Rickshaw,Gurgaon,2017,"Akash Deep, Mohit Sharma","Electric Vehicle, Last Mile Transportation, Public Transportation, Transportation",Oye Rickshaw is an electric vehicle energy solutions startup that uses a booking app to link customers with public transportation.,251-500,"₹13,275,120",3,10,oye rickshaw,"Akash Deep, Mohit Sharma",2,,0.0,0.0,0.0,0.0
Arzooo.com,Bengaluru,2018,"Khushnud Khan, Rishi Raj Rathore","Consumer Electronics, Electronics, Retail, Retail Technology, Shopping","With its main ""Go Store"" product, India's leading retail digital platform in the consumer durables market has transformed 300,000+ SMEs.",251-500,"₹14,800,000",6,11,arzooo.com,"Khushnud Khan, Rishi Raj Rathore",2,,0.0,0.0,0.0,0.0
Amber Group,Gurgaon,1990,Kartar Singh,"Consumer Electronics, Electronics, Home Services, Industrial Manufacturing, Machinery Manufacturing, Manufacturing",Amber Group is an Indian air conditioner and component manufacturer.,51-100,"₹21,445,200",1,9,amber group,Kartar Singh,1,,0.0,0.0,0.0,0.0
Star Health and Allied Insurance,Nungambakkam,2006,Not Available,"Health Care, Health Insurance, Insurance","Medical Insurance, Accident Insurance, and Travel Insurance Plans are all available from Star Health and Allied Insurance.",1001-5000,"₹173,773,498",3,6,star health and allied insurance,Not Available,1,,0.0,0.0,0.0,0.0
Magicbricks,Noida,2006,Times Internet,"Commercial Real Estate, Online Portals, Real Estate",Magicbricks is India's most popular real estate website.,1001-5000,"₹3,600,000",1,1,magicbricks,Times Internet,1,magicbricks,0.0,1.0,37.13,1.0
Unbxd,Bengaluru,2011,"Pavan Sondur, Prashant Kumar","Artificial Intelligence, Big Data, E-Commerce, Machine Learning, Navigation, Product Search, Search Engine, Software",Unbxd is an e-commerce product discovery tool that matches customers with the products they are most likely to purchase.,101-250,"₹14,500,000",7,13,unbxd,"Pavan Sondur, Prashant Kumar",2,,0.0,0.0,0.0,0.0
LIDO,Mumbai,2019,Sahil Sheth,"E-Learning, EdTech, Education, Software",LIDO is an ed-tech startup that uses an immersive online platform to revolutionize education.,501-1000,"₹10,500,000",2,8,lido,Sahil Sheth,1,,0.0,0.0,0.0,0.0
Yulu,Bengaluru,2017,"Amit Gupta, Hemant Gupta, Naveen Dachuri, RK Misra","Electric Vehicle, Ride Sharing, Sharing Economy, Transportation",Yulu is a micro-mobility platform in India that uses shared electric two-wheelers to alleviate traffic congestion and pollution.,101-250,"₹19,900,000",4,7,yulu,"Amit Gupta, Hemant Gupta, Naveen Dachuri, RK Misra",4,yulu,0.0,1.0,32.0,1.0
Cashify,Gurgaon,2015,"Amit Sethi, Mandeep Manocha, Nakul Kumar","Consumer, Consumer Electronics, E-Commerce, Marketplace",Cashify is an online marketplace where you can resell your secondhand electronics.,501-1000,"₹28,000,000",5,9,cashify,"Amit Sethi, Mandeep Manocha, Nakul Kumar",3,cashify,0.0,2.0,256.71,3.0
Revv,Gurgaon,2015,"Anupam Agarwal, Karan Jain","Apps, Automotive, Rental",Revv is an Indian car-rental company with a variety of alternatives to fulfill all of your self-drive requirements.,101-250,"₹23,300,000",3,10,revv,"Anupam Agarwal, Karan Jain",2,revv,0.0,2.0,191.98000000000002,5.0
UrbanPiper,Bengaluru,2015,"Anirban Majumdar, Devarshi Shah, Saurabh Gupta","Food and Beverage, Information Services, Information Technology, Software",The most important platform for restaurants to run their online operations.,101-250,"₹10,180,783",3,4,urbanpiper,"Anirban Majumdar, Devarshi Shah, Saurabh Gupta",3,urbanpiper,0.0,3.0,0.0,5.0
PropTiger,Gurgaon,2011,"Dhruv Agarwala, Kartik Varma, Prashan Agarwal","Intellectual Property, Marketing, Real Estate",PropTiger is a pan-India-based independent real estate advisor. We have extensive real estate experience and understanding in India.,501-1000,"₹85,000,000",2,3,proptiger,"Dhruv Agarwala, Kartik Varma, Prashan Agarwal",3,,0.0,0.0,0.0,0.0
Miko,Mumbai,2015,"Chintan Raikar, Prashant Iyengar, Sneh Vaswani","Artificial Intelligence, Consumer Electronics, EdTech, Hardware, Internet of Things, Machine Learning, Robotics","Miko is a robotics, AI, and Internet of Things (IoT) firm.",101-250,"₹21,540,065",5,9,miko,"Chintan Raikar, Prashant Iyengar, Sneh Vaswani",3,miko,0.0,1.0,0.0,1.0
HungerBox,Bengaluru,2015,"Sandipan Mitra, Uttam Kumar","B2B, Food and Beverage, Food Delivery",HungerBox is a full-stack B2B food and beverage technology firm that specializes in corporate food solutions.,251-500,"₹44,580,231",8,10,hungerbox,"Sandipan Mitra, Uttam Kumar",2,hungerbox,1.0,6.0,175.45,8.0
OYO,Gurgaon,2012,Ritesh Agarwal,"Hospitality, Hotel, Leisure, Reservations, Travel",OYO is a hotel chain with a branded network of hotels that provide uniform guest experiences.,10001+,"₹3,439,351,106",17,23,oyo,Ritesh Agarwal,1,oyo,0.0,11.0,6337.75,17.0
Leap Finance,Bengaluru,2019,"Arnav Kumar, Vaibhav Singh","Credit Cards, Education, Financial Services, FinTech, Lending",Leap Finance is a fintech business that provides Indian students studying abroad with education loans and credit cards.,01-Oct,"₹22,500,000",2,5,leap finance,"Arnav Kumar, Vaibhav Singh",2,leap finance,0.0,1.0,45.0,1.0
MedPlus,Hyderabad,2006,Madhukar Gangadi,"E-Commerce, Health Care, Pharmaceutical, Wellness",MedPlus is a South Indian pharmacy business.,10001+,"₹317,695,079",7,6,medplus,Madhukar Gangadi,1,,0.0,0.0,0.0,0.0
PiggyRide,Bengaluru,2019,"Manish Tewari, Rohan Kaushal","Children, Education, Information Services, Information Technology, Transportation","PiggyRide is an online class, event, and course provider. Music, dance, activity, and summer camp are all available.",Nov-50,"₹1,320,000",2,8,piggyride,"Manish Tewari, Rohan Kaushal",2,,0.0,0.0,0.0,0.0
Vernacular.ai,Bengaluru,2016,"Akshay Deshraj, Manoj Sarda, Sourabh Gupta","Artificial Intelligence, Call Center, Customer Service, Internet, Internet of Things, Machine Learning, Natural Language Processing, SaaS, Software, Speech Recognition","By automating call center queries, we assist businesses in improving customer experience through intelligent voice chats.",51-100,"₹5,100,000",4,7,vernacular.ai,"Akshay Deshraj, Manoj Sarda, Sourabh Gupta",3,vernacular.ai,0.0,1.0,0.0,1.0
ShareChat,Bengaluru,2015,"Ankush Sachdeva, Bhanu Pratap Singh, Farid Ahsan","Internet, Mobile Apps, Social Media, Social Network",ShareChat is a platform for social networking and regional content.,501-1000,"₹824,830,000",10,17,sharechat,"Ankush Sachdeva, Bhanu Pratap Singh, Farid Ahsan",3,sharechat,0.0,7.0,4524.51,17.0
PhableCare,Bengaluru,2017,"Mukesh Bansal, Prasanth Reddy, Sumit Sinha","Health Care, Internet, Mobile Apps, Personal Health",Patients and doctors can use a mobile app to communicate with each other.,51-100,"₹13,670,000",5,13,phablecare,"Mukesh Bansal, Prasanth Reddy, Sumit Sinha",3,,0.0,0.0,0.0,0.0
OZiva,Mumbai,2016,"Aarti Gill, Mihir Gadani","Dietary Supplements, Fitness, Health Care, Nutrition, Wellness","OZiva is a plant-based clean nutrition company that sells products for exercise, hair, skin, men's and women's health, and general wellness.",51-100,"₹17,000,000",2,4,oziva,"Aarti Gill, Mihir Gadani",2,oziva,0.0,1.0,41.0,1.0
Testbook.com,Mumbai,2013,"Abhishek Sagar, Ashutosh Kumar, Manoj Munna, Narendra Agrawal, Yadvendar Champawat","E-Learning, EdTech, Education",Testbook.com is a website that helps people prepare for government exams.,101-250,"₹12,550,000",5,10,testbook.com,"Abhishek Sagar, Ashutosh Kumar, Manoj Munna, Narendra Agrawal, Yadvendar Champawat",5,,0.0,0.0,0.0,0.0
Billdesk,Ahmedabad,2000,Ajay Kaushal,"Finance, FinTech, Payments, Property Development, Rental","BillDesk, a subsidiary of IndiaIdeas.com Ltd., was founded in early 2000 to address the problems that most of us have with paying bills.",251-500,"₹241,361,584",4,7,billdesk,Ajay Kaushal,1,billdesk,0.0,3.0,618.75,2.0
Flatheads,Bengaluru,2019,"Ganesh Balakrishnan, Utkarsh Biradar","E-Commerce, Fashion, Retail, Shoes, Shopping",Flatheads is a global lifestyle brand that designs and manufactures shoes in India. Flatheads was the first company in India to introduce bamboo footwear.,Nov-50,"₹725,000",2,7,flatheads,"Ganesh Balakrishnan, Utkarsh Biradar",2,,0.0,0.0,0.0,0.0
Signzy,Bengaluru,2015,"Ankit Ratan, Ankur Pandey, Arpit Ratan","Artificial Intelligence, Finance, Financial Services, FinTech, Risk Management, Software","Signzy is an AI-powered fintech business that provides banks, NBFCs, and other financial institutions with a digital onboarding solution.",101-250,"₹12,600,000",6,12,signzy,"Ankit Ratan, Ankur Pandey, Arpit Ratan",3,signzy,1.0,5.0,491.05,9.0
RAW Pressery,Mumbai,2014,Anuj Rakyan,"Delivery, Food and Beverage, Food Processing, Organic Food","RAW Pressery is a clean-label beverage company that sells cold-pressed juices, smoothies, soups, and other products.",101-250,"₹41,255,467",12,7,raw pressery,Anuj Rakyan,1,raw pressery,0.0,2.0,49.5,4.0
WorkIndia,Mumbai,2015,"Ajay Kumar, Jatin Jakharia, Kshitij Nagvekar, Kunal Patil, Lokesh Tiwari, Moiz Arsiwala, Nilesh Dungarwal, Soumil Rao","Human Resources, Recruiting, Staffing Agency",WorkIndia is the largest blue-collar job portal and product firm in India.,51-100,"₹6,390,562",3,4,workindia,"Ajay Kumar, Jatin Jakharia, Kshitij Nagvekar, Kunal Patil, Lokesh Tiwari, Moiz Arsiwala, Nilesh Dungarwal, Soumil Rao",8,workindia,0.0,3.0,53.13,5.0
WebEngage,Mumbai,2011,"Ankit Utreja, Avlesh Singh","Enterprise Software, Marketing Automation, Personalization, SaaS",Consumer firms' fastest-growing multi-channel Marketing Automation package and CDP. Improve user retention and increase revenue from existing customers!,101-250,"₹6,100,000",7,8,webengage,"Ankit Utreja, Avlesh Singh",2,webengage,0.0,1.0,0.0,1.0
Chumbak,Bengaluru,2009,Subhra Chadda,"E-Commerce, Lifestyle, Shopping","Chumbak is a gifting firm situated in Bangalore, India. Chumbak, founded by Subhra Chadda, distributes trendy t-shirts, tins, coffee mugs, and shot glasses.",Nov-50,"₹26,963,740",6,5,chumbak,Subhra Chadda,1,chumbak,0.0,2.0,121.28,2.0
Mu Sigma,Bengaluru,2004,DHIRAJ C RAJARAM,"Analytics, Business Information Systems, Information Services, Information Technology, Software",Mu Sigma is a management consulting firm that specializes in decision sciences and big data analysis.,1001-5000,"₹211,350,000",7,4,mu sigma,DHIRAJ C RAJARAM,1,,0.0,0.0,0.0,0.0
Myelin Foundry,Bengaluru,2019,"Aditi Olemann, Ganesh Suryanarayanan, Gopichand Katragadda","Artificial Intelligence, Health Care, Industrial, Information Services, Information Technology, Machine Learning, Media and Entertainment","Myelin Foundry creates Artificial Intelligence algorithms for edge devices based on video, audio, and sensor data.",Nov-50,"₹2,001,796",4,5,myelin foundry,"Aditi Olemann, Ganesh Suryanarayanan, Gopichand Katragadda",3,myelin foundry,0.0,2.0,8.25,2.0
JUSPAY,Kormangala,2012,"Ramanathan RV, Vimal Kumar","FinTech, Internet, Mobile Payments, Payments",Juspay is a company that creates an internet platform for making mobile payments.,51-100,"₹27,420,684",2,6,juspay,"Ramanathan RV, Vimal Kumar",2,juspay,0.0,2.0,224.85,5.0
DaMENSCH,Bengaluru,2018,Not Available,"E-Commerce, Men's, Textiles",DaMENSCH is a men's clothing designer and retailer.,Nov-50,"₹7,650,000",3,5,damensch,Not Available,1,damensch,0.0,1.0,498.0,2.0
InstantPay,New Delhi,2013,Shailendra Agarwal,"E-Commerce, Electronics, Financial Exchanges, Financial Services, Mobile Payments, Payments, Transaction Processing",Larger India's Financial Services,51-100,"₹4,080,000",1,2,instantpay,Shailendra Agarwal,1,instantpay,0.0,1.0,0.0,2.0
ITILITE,Bengaluru,2017,"Anish Khadiya, Mayank Kukreja","Business Travel, Information Technology, Internet",ITILITE is a digital travel management application that makes booking flights and hotels easier.,101-250,"₹17,271,725",3,4,itilite,"Anish Khadiya, Mayank Kukreja",2,itilite,0.0,1.0,107.0,2.0
Fyle,Bengaluru,2016,"Sivaramakrishnan Narayanan, Yashwanth Madhusudan","Accounting, Artificial Intelligence, Business Information Systems, Business Travel, Finance, FinTech, SaaS",Fyle is a business expenditure management tool that is smart.,Nov-50,"₹10,361,312",5,10,fyle,"Sivaramakrishnan Narayanan, Yashwanth Madhusudan",2,fyle,0.0,4.0,23.490000000000002,3.0
Trulymadly.com,New Delhi,2013,"Hitesh Dhingra, Rahul Kumar, Sachin Bhatia","Apps, Dating, Internet",Trulymadly is a matchmaking algorithm-based dating platform.,Nov-50,"₹8,923,539",4,23,trulymadly.com,"Hitesh Dhingra, Rahul Kumar, Sachin Bhatia",3,,0.0,0.0,0.0,0.0
Quess Corp,Bengaluru,2007,Ajit Isaac,"Information Technology, Recruiting",Quess Corp Ltd. was founded in 2007 and is India's largest business services provider.,10001+,"₹26,500,000",1,4,quess corp,Ajit Isaac,1,,0.0,0.0,0.0,0.0
FreshMenu,Bengaluru,2014,Rashmi Daga,"Delivery, Food and Beverage, Food Delivery, Food Processing",FreshMenu is a food delivery service that serves high-quality fresh and flavorful cuisines.,501-1000,"₹25,837,687",7,8,freshmenu,Rashmi Daga,1,freshmenu,0.0,2.0,276.38,3.0
NODWIN Gaming,Gurgaon,2012,Gautam Virk,"Events, Gaming, Internet, Social Media, Sports",NODWIN Gaming is a gaming solutions provider and e-sports event organizer.,Nov-50,"₹19,680,000",1,1,nodwin gaming,Gautam Virk,1,,0.0,0.0,0.0,0.0
IDfy,Mumbai,2011,"Ashok Hariharan, Hatim Baheranwala, Vineet Jawa","E-Commerce, FinTech, Fraud Detection, Information Services, Information Technology, Insurance, Internet, Machine Learning",IDfy is a people information company that helps businesses fight fraud by providing services like background checks.,101-250,"₹5,168,764",5,8,idfy,"Ashok Hariharan, Hatim Baheranwala, Vineet Jawa",3,idfy,0.0,2.0,17.0,5.0
Kinara Capital,Bengaluru,2011,Hardika Shah,"Finance, Financial Services, FinTech, Lending, Micro Lending, Social Entrepreneurship","Kinara Capital is a lending organization that offers small business owners flexible, collateral-free loans.",251-500,"₹70,196,840",8,10,kinara capital,Hardika Shah,1,kinara capital,0.0,1.0,41.25,1.0
Niki,Bengaluru,2015,"Keshav Prawasi, Nitin Babel, Sachin Jaiswal, Shishir Modi","Android, Natural Language Processing","Ramu Kaka, Full Stack | Ushering Bharat into the Internet Economy 2.0",51-100,"₹6,287,653",10,14,niki,"Keshav Prawasi, Nitin Babel, Sachin Jaiswal, Shishir Modi",4,,0.0,0.0,0.0,0.0
MyGate,Bengaluru,2016,"Abhishek Kumar, Shreyans Daga, Vijay Arisetty","Apps, Information Services, Information Technology, Mobile Apps",MyGate is a smart smartphone app that makes check-ins easier in any location.,501-1000,"₹67,262,961",3,4,mygate,"Abhishek Kumar, Shreyans Daga, Vijay Arisetty",3,,0.0,0.0,0.0,0.0
Neogrowth,Mumbai,2010,"Dhruv Khaitan, Piyush Khaitan","Business Development, Finance, Financial Services, Market Research",NeoGrowth Credit Pvt Ltd is an RBI-registered non-deposit taking NBFC that provides short-term business loans to Indian merchants.,101-250,"₹107,798,787",7,9,neogrowth,"Dhruv Khaitan, Piyush Khaitan",2,neogrowth,0.0,2.0,519.75,7.0
Paytm Mall,Noida,2010,Vijay Shekhar Sharma,"E-Commerce, E-Commerce Platforms, Internet, Marketplace, Retail, Shopping",Paytm Mall is a division of One97 Communications' Paytm brand and an online and mobile marketplace.,1001-5000,"₹795,000,000",3,4,paytm mall,Vijay Shekhar Sharma,1,,0.0,0.0,0.0,0.0
Hopscotch,Mumbai,2011,Rahul Anand,"E-Commerce, Internet, Retail","Hopscotch gives you behind-the-scenes access to international businesses for babies, children, and mothers.",251-500,"₹52,800,000",5,16,hopscotch,Rahul Anand,1,hopscotch,0.0,3.0,2273.0,4.0
Setu,Bengaluru,2018,Sahil Kini,Financial Services,Setu's goal is to boost economic growth by making formal finance more accessible to everyone.,Nov-50,"₹18,549,687",2,4,setu,Sahil Kini,1,setu,0.0,2.0,145.88,4.0
Blue Tokai Coffee Roasters,Delhi,2012,"Matt Chitharanjan, Namrata Asthana","Consumer Goods, Delivery, Food and Beverage, Food Processing",Blue Tokai Coffee Roasters offers a dedicated online marketplace for the sale of roasted coffee.,01-Oct,"₹5,569,257",3,4,blue tokai coffee roasters,"Matt Chitharanjan, Namrata Asthana",2,,0.0,0.0,0.0,0.0
Avanse Financial Services,Mumbai,2012,Amit Gainda,"Education, Finance, Real Estate, Service Industry","Avanse, a non-banking finance firm regulated by the Reserve Bank of India, is an education finance company (NBFC).",251-500,"₹60,157,500",3,2,avanse financial services,Amit Gainda,1,avanse financial services,0.0,1.0,1249.0,1.0
Gaana,Noida,2011,Avinash Mudaliar,"Apps, Music, Music Streaming, Online Portals","Gaana is an Indian music streaming service that features songs from Bollywood, Hindi, regional, and international artists.",251-500,"₹166,195,349",3,3,gaana,Avinash Mudaliar,1,gaana,0.0,3.0,1370.75,5.0
LiquiLoans,Mumbai,2018,"Achal Mittal, Gautam Adukia",Financial Services,Liquiloans is a platform for peer-to-peer lending.,Nov-50,"₹1,784,442",3,6,liquiloans,"Achal Mittal, Gautam Adukia",2,,0.0,0.0,0.0,0.0
Clovia,Noida,2012,"Neha Kant, Pankaj Vermani, Suman Chowdhury","E-Commerce, Fashion, Lingerie, Retail, Women's","Clovia is a lingerie company that makes and distributes fashionable underwear, nightwear, and shapewear.",251-500,"₹22,685,276",5,7,clovia,"Neha Kant, Pankaj Vermani, Suman Chowdhury",3,clovia,0.0,3.0,406.25,5.0
Scripbox,Bengaluru,2012,"Ashok Kumar, Atul Shinghal, Sanjiv Singhal","Angel Investment, Finance, Financial Services, FinTech, Wealth Management",Scripbox is a mutual fund distributor in India that owns and manages an online investing platform.,101-250,"₹23,500,000",4,12,scripbox,"Ashok Kumar, Atul Shinghal, Sanjiv Singhal",3,scripbox,0.0,2.0,20.63,7.0
RateGain,Noida,2004,Bhanu Chopra,"Hospitality, Information Technology, Travel",RateGain is a pioneer in the field of hospitality and travel technology.,501-1000,"₹50,000,000",1,1,rategain,Bhanu Chopra,1,rategain,0.0,1.0,412.5,1.0
Epigamia,Mumbai,2007,"Ganesh Krishnamoorthy, Milap Shah, Rahul Jain, Rohan Mirchandani, Rohan Mirchandani, Uday Thakker","Consumer, Fast-Moving Consumer Goods, Food and Beverage, Health Care, Nutrition, Snack Food","Epigamia is a high-quality, all-natural Greek yogurt that helps you make healthier choices without compromising flavor.",101-250,"₹56,286,865",10,8,epigamia,"Ganesh Krishnamoorthy, Milap Shah, Rahul Jain, Rohan Mirchandani, Rohan Mirchandani, Uday Thakker",6,epigamia,0.0,1.0,20.96,1.0
MCaffeine,Mumbai,2015,"Tarun Sharma, Vikas Lachhwani","Beauty, Consumer, Consumer Goods, E-Commerce, Lifestyle","MCaffeine is a personal care line that includes caffein-infused products for the face, body, and hair.",Nov-50,"₹5,781,631",4,7,mcaffeine,"Tarun Sharma, Vikas Lachhwani",2,mcaffeine,0.0,5.0,415.88,10.0
Chaayos,New Delhi,2012,"Nitin Saluja, Raghav Verma","Food and Beverage, Food Delivery, Restaurants, Tea",Chaayos is a chai tea shop that uses technology to provide a personalized cup of chai to customers.,1001-5000,"₹40,833,000",6,9,chaayos,"Nitin Saluja, Raghav Verma",2,chaayos,0.0,5.0,362.75,3.0
TVF,Mumbai,2015,Dhawal Gusain,"Digital Entertainment, E-Commerce, Film, Internet, Media and Entertainment",TVF Play is an Indian premium entertainment portal aimed at teenagers.,101-250,"₹20,970,000",3,1,tvf,Dhawal Gusain,1,,0.0,0.0,0.0,0.0
WOW Skin Science India Ltd,Bengaluru,2016,Not Available,"Beauty, Consumer Goods, Cosmetics, Fashion",WOW Skin Science is a line of anti-aging products. Night is a facial care company that started on the internet.,Not Available,₹0,0,0,wow skin science india ltd,Not Available,1,,0.0,0.0,0.0,0.0
Financial Software & Systems,Chennai,1991,Nagaraj Mylandla,"Debit Cards, Financial Services, FinTech, Information Services, Information Technology, Mobile Payments, Payments, Software, Transaction Processing",Financial Software &amp; Systems (FSS) is a leading global provider of payment technology.,1001-5000,"₹129,250,000",4,4,financial software & systems,Nagaraj Mylandla,1,,0.0,0.0,0.0,0.0
Ezetap,Bengaluru,2011,"Abhijit Bose, Bala Parthasarathy, Bhaktha Keshavachar, Sanjay Swamy, Shripati Acharya","Mobile, Payments, Point of Sale, Software",Ezetap Mobile Solutions is a company that creates payment devices.,101-250,"₹51,000,000",6,8,ezetap,"Abhijit Bose, Bala Parthasarathy, Bhaktha Keshavachar, Sanjay Swamy, Shripati Acharya",5,ezetap,0.0,2.0,338.25,7.0
Financepeer,Mumbai,2017,"Debi Prasad Baral, Naveesh Reddy, Rohit Gajbhiye, Sunit Gajbhiye","Financial Services, FinTech, Peer to Peer",Financepeer is a peer-to-peer lending platform powered by artificial intelligence.,Nov-50,"₹3,709,141",3,9,financepeer,"Debi Prasad Baral, Naveesh Reddy, Rohit Gajbhiye, Sunit Gajbhiye",4,financepeer,0.0,1.0,830.0,2.0
Haptik,Mumbai,2013,"Aakrit Vaish, Swapan Rajdev","Artificial Intelligence, Customer Service, Machine Learning, Messaging, Real Time, Software","One of the largest Conversational AI firms in the world, with over 100 million devices and over 3 billion conversations handled.",101-250,"₹12,200,000",2,3,haptik,"Aakrit Vaish, Swapan Rajdev",2,haptik,0.0,1.0,0.0,1.0
GirnarSoft,Jaipur,2007,"Amit Jain, Anurag Jain","Developer Tools, Enterprise Software, Mobile, Software, Web Development",GirnarSoft is an IT company that focuses on providing corporate value through offshore and outsourced software development.,501-1000,"₹108,650,000",5,5,girnarsoft,"Amit Jain, Anurag Jain",2,,0.0,0.0,0.0,0.0
Meesho,Bengaluru,2015,"Sanjeev Barnwal, Vidit Aatrey","E-Commerce, E-Commerce Platforms, Mobile Apps, Retail, Social Media",Meesho is an online reselling platform that allows anyone to establish a business without having to put up any money.,1001-5000,"₹515,200,000",9,25,meesho,"Sanjeev Barnwal, Vidit Aatrey",2,meesho,0.0,7.0,2064.21,12.0
Lenskart,Faridabad,2010,"Amit Chaudhary, Peyush Bansal","Delivery, E-Commerce, Eyewear, Fashion, Health Care, Internet, Shopping",Lenskart is an online eyeglasses retail portal established in India.,251-500,"₹554,629,632",10,15,lenskart,"Amit Chaudhary, Peyush Bansal",2,lenskart,0.0,7.0,2451.5,11.0
Udaan,Bengaluru,2016,"Amod Malviya, Sujeet Kumar, Vaibhav Gupta","B2B, Business Development, E-Commerce, Internet, Retail","Udaan is a business-to-business (B2B) commerce platform that connects manufacturers, traders, retailers, and wholesalers in one place.",5001-10000,"₹1,179,919,113",6,13,udaan,"Amod Malviya, Sujeet Kumar, Vaibhav Gupta",3,udaan,0.0,6.0,9450.0,7.0
Zolve,Bengaluru,2020,Not Available,"Banking, Financial Services","Zolve gives financial aid to immigrants, allowing them to become financially self-sufficient.",Nov-50,"₹15,000,000",1,9,zolve,Not Available,1,,0.0,0.0,0.0,0.0
SafexPay,Thane,2017,Ravi Gupta,"FinTech, Payments",Safexpay is a B2B2B finance company that specializes in platform and API infrastructure for businesses all over the world.,51-100,"₹5,280,000",1,2,safexpay,Ravi Gupta,1,,0.0,0.0,0.0,0.0
Pariksha,Pune,2015,"Deepak Choudhary, Karanvir Singh Shekhawat, Utkarsh Bagri, Vikram Shekhawat","E-Learning, EdTech, Education, Skill Assessment","Pariksha - The Success App is India's leading vernacular test preparation provider, catering to India's mobile first internet users.",51-100,"₹6,065,079",7,20,pariksha,"Deepak Choudhary, Karanvir Singh Shekhawat, Utkarsh Bagri, Vikram Shekhawat",4,pariksha,0.0,1.0,0.0,4.0
Fyllo,Bengaluru,2019,"Sachin Gautam, Sudhanshu Rai, Sumit Sheoran","Agriculture, AgTech, Artificial Intelligence, Internet of Things",Fyllo is a precision agriculture service provider that uses IoT and AI.,Nov-50,"₹557,033",4,6,fyllo,"Sachin Gautam, Sudhanshu Rai, Sumit Sheoran",3,,0.0,0.0,0.0,0.0
CredFlow,New Delhi,2019,Kunal Aggarwal,"Credit, Financial Services",CredFlow offers financial services that help you automate your cash flow.,01-Oct,"₹1,824,000",1,4,credflow,Kunal Aggarwal,1,,0.0,0.0,0.0,0.0
HalaPlay Technologies,Bengaluru,2016,Swapnil Saurav,"Digital Entertainment, Fantasy Sports, Sports",HalaPlay Technologies is a platform for daily fantasy sports.,01-Oct,"₹7,964,767",3,8,halaplay technologies,Swapnil Saurav,1,halaplay technologies,1.0,2.0,50.0,1.0
